source_mat_id,source_mat_id_orig,samp_description,tax_id,scientific_name,investigation_type,env_material,collection_date,sampling_event,sampl_person,sampl_person_orcid,tidal_stage,depth,noteworthy_env_cond,replicate,samp_size_vol,time_fi,size_frac,size_frac_low,size_frac_up,membr_cut,samp_collect_device,samp_mat_process,samp_mat_process_dev,samp_store_date,samp_store_loc,samp_store_temp,store_person,store_person_orcid,other_person,other_person_orcid,long_store,ship_date,arr_date_hq,store_temp_hq,ship_date_seq,arr_date_seq,failure,failure_comment,ENA_accession_number_sample
EMOBON_NRMCB_So_1,EMOBON_NRMCB_So_20210621_micro_1,EMOBON metagenome sediment sample from station NRMCB collected on 2021-06-21 community collected micro,412755,marine sediment metagenome,metagenome,sediment [ENVO:00002007],2021-06-21,NRMCB_So_210621,Marina Montresor,0000-0002-2475-1787,no_tide,75.0,,1,,,,,,,sediment corer,So SOP1,used a multicorer 2 cores collected (4.5 cm diameter); the upper 5 cm mixed and subsampled in the tubes; No DNA shield,2021-06-21,freezer #1 BEOM; upper compartment; rack #8 d III (see scheme in technical support EMI),-80,Raffaella Casotti,0000-0002-9876-4601,,,,2021-10-18,2021-10-20,-70.0,2021-11-24,2021-11-24,,,
EMOBON_NRMCB_So_2,EMOBON_NRMCB_So _20210621_micro_2,EMOBON metagenome sediment sample from station NRMCB collected on 2021-06-21 community collected micro,412755,marine sediment metagenome,metagenome,sediment [ENVO:00002007],2021-06-21,NRMCB_So_210621,Marina Montresor,0000-0002-2475-1787,no_tide,75.0,,2,,,,,,,sediment corer,So SOP1,used a multicorer 2 cores collected (4.5 cm diameter); the upper 5 cm mixed and subsampled in the tubes; No DNA shield,2021-06-21,freezer #1 BEOM; upper compartment; rack #8 d III (see scheme in technical support EMI),-80,Raffaella Casotti,0000-0002-9876-4601,,,,2021-10-18,2021-10-20,-70.0,2021-11-24,2021-11-24,,,
EMOBON_NRMCB_So_3,EMOBON_NRMCB_So_20210621_micro_3,EMOBON metagenome sediment sample from station NRMCB collected on 2021-06-21 community collected micro,412755,marine sediment metagenome,metagenome,sediment [ENVO:00002007],2021-06-21,NRMCB_So_210621,Marina Montresor,0000-0002-2475-1787,no_tide,75.0,,3,,,,,,,sediment corer,So SOP1,used a multicorer 2 cores collected (4.5 cm diameter); the upper 5 cm mixed and subsampled in the tubes; No DNA shield,2021-06-21,freezer #1 BEOM; upper compartment; rack #8 d III (see scheme in technical support EMI),-80,Raffaella Casotti,0000-0002-9876-4601,,,,,,,,,,,
EMOBON_NRMCB_So_4,EMOBON_NRMCB_So_20210621_micro_4,EMOBON metagenome sediment sample from station NRMCB collected on 2021-06-21 community collected micro,412755,marine sediment metagenome,metagenome,sediment [ENVO:00002007],2021-06-21,NRMCB_So_210621,Marina Montresor,0000-0002-2475-1787,no_tide,75.0,,4,,,,,,,sediment corer,So SOP1,used a multicorer 2 cores collected (4.5 cm diameter); the upper 5 cm mixed and subsampled in the tubes; No DNA shield,2021-06-21,freezer #1 BEOM; upper compartment; rack #8 d III (see scheme in technical support EMI),-80,Raffaella Casotti,0000-0002-9876-4601,,,,,,,,,,,
EMOBON_NRMCB_So_5,EMOBON_NRMCB_So_20210621_micro_blank,EMOBON metagenome sediment sample from station NRMCB collected on 2021-08-31 community collected micro,256318,metagenome,metagenome,sediment [ENVO:00002007],2021-08-21,NRMCB_So_210821,Marina Montresor,0000-0002-2475-1787,no_tide,,,blank_1,,,,,,,,,,2021-06-21,freezer #1 BEOM; upper compartment; rack #8 d III (see scheme in technical support EMI),-80,Raffaella Casotti,0000-0002-9876-4601,,,,2021-10-18,2021-10-20,-70.0,2021-11-24,2021-11-24,,,
EMOBON_NRMCB_So_6,EMOBON_NRMCB_So_20210831_micro_1,EMOBON metagenome sediment sample from station NRMCB collected on 2021-08-31 community collected micro,412755,marine sediment metagenome,metagenome,sediment [ENVO:00002007],2021-08-31,NRMCB_So_210831,Marina Montresor,0000-0002-2475-1787,no_tide,75.0,,1,,,,,,,sediment corer,So SOP1,used a multicorer 2 cores collected (4.5 cm diameter); the upper 5 cm mixed and subsampled in the tubes; No DNA shield,2021-08-31,freezer #1 BEOM; upper compartment; rack #8 d III (see scheme in technical support EMI),-80,Raffaella Casotti,0000-0002-9876-4601,,,,2021-10-18,2021-10-20,-70.0,2021-11-24,2021-11-24,,,
EMOBON_NRMCB_So_7,EMOBON_NRMCB_So_20210831_micro_2,EMOBON metagenome sediment sample from station NRMCB collected on 2021-08-31 community collected micro,412755,marine sediment metagenome,metagenome,sediment [ENVO:00002007],2021-08-31,NRMCB_So_210831,Marina Montresor,0000-0002-2475-1787,no_tide,75.0,,2,,,,,,,sediment corer,So SOP1,used a multicorer 2 cores collected (4.5 cm diameter); the upper 5 cm mixed and subsampled in the tubes; No DNA shield,2021-08-31,freezer #1 BEOM; upper compartment; rack #8 d III (see scheme in technical support EMI),-80,Raffaella Casotti,0000-0002-9876-4601,,,,2021-10-18,2021-10-20,-70.0,2021-11-24,2021-11-24,,,
EMOBON_NRMCB_So_8,EMOBON_NRMCB_So_20210831_micro_3,EMOBON metagenome sediment sample from station NRMCB collected on 2021-08-31 community collected micro,412755,marine sediment metagenome,metagenome,sediment [ENVO:00002007],2021-08-31,NRMCB_So_210831,Marina Montresor,0000-0002-2475-1787,no_tide,75.0,,3,,,,,,,sediment corer,So SOP1,used a multicorer 2 cores collected (4.5 cm diameter); the upper 5 cm mixed and subsampled in the tubes,2021-08-31,freezer #1 BEOM; upper compartment; rack #8 d III (see scheme in technical support EMI),-80,Raffaella Casotti,0000-0002-9876-4601,,,,,,,,,,,
EMOBON_NRMCB_So_9,EMOBON_NRMCB_So_20210831_micro_4,EMOBON metagenome sediment sample from station NRMCB collected on 2021-08-31 community collected micro,412755,marine sediment metagenome,metagenome,sediment [ENVO:00002007],2021-08-31,NRMCB_So_210831,Marina Montresor,0000-0002-2475-1787,no_tide,75.0,,4,,,,,,,sediment corer,So SOP1,used a multicorer 2 cores collected (4.5 cm diameter); the upper 5 cm mixed and subsampled in the tubes,2021-08-31,freezer #1 BEOM; upper compartment; rack #8 d III (see scheme in technical support EMI),-80,Raffaella Casotti,0000-0002-9876-4601,,,,,,,,,,,
EMOBON_NRMCB_So_10,EMOBON_NRMCB_So_20210831_micro_blank,EMOBON metagenome sediment sample from station NRMCB collected on 2021-08-31 community collected micro,256318,metagenome,metagenome,sediment [ENVO:00002007],2021-08-31,NRMCB_So_210831,Marina Montresor,0000-0002-2475-1787,no_tide,,,blank_1,,,,,,,,,,2021-08-31,freezer #1 BEOM; upper compartment; rack #8 d III (see scheme in technical support EMI),-80,Raffaella Casotti,0000-0002-9876-4601,,,,2021-10-18,2021-10-20,-70.0,2021-11-24,2021-11-24,,,
EMOBON_NRMCB_So_11,EMOBON_NRMCB_So_20211026_micro_1,EMOBON metagenome sediment sample from station NRMCB collected on 2021-10-26 community collected micro,412755,marine sediment metagenome,metagenome,sediment [ENVO:00002007],2021-10-26,NRMCB_So_211026,Marina Montresor,0000-0002-2475-1787,no_tide,75.0,,1,,,,,,,sediment corer,So SOP1,used a multicorer 2 cores collected (4.5 cm diameter); the upper 5 cm mixed and subsampled in the tubes,2021-10-26,freezer #1 BEOM; upper compartment; rack #8 d III (see scheme in technical support EMI),-80,Raffaella Casotti,0000-0002-9876-4601,,,,2022-02-09,2022-02-10,-70.0,2022-02-22,2022-02-23,,,
EMOBON_NRMCB_So_12,EMOBON_NRMCB_So_20211026_micro_2,EMOBON metagenome sediment sample from station NRMCB collected on 2021-10-26 community collected micro,412755,marine sediment metagenome,metagenome,sediment [ENVO:00002007],2021-10-26,NRMCB_So_211026,Marina Montresor,0000-0002-2475-1787,no_tide,75.0,,2,,,,,,,sediment corer,So SOP1,used a multicorer 2 cores collected (4.5 cm diameter); the upper 5 cm mixed and subsampled in the tubes,2021-10-26,freezer #1 BEOM; upper compartment; rack #8 d III (see scheme in technical support EMI),-80,Raffaella Casotti,0000-0002-9876-4601,,,,2022-02-09,2022-02-10,-70.0,2022-02-22,2022-02-23,,,
EMOBON_NRMCB_So_13,EMOBON_NRMCB_So_20211026_micro_3,EMOBON metagenome sediment sample from station NRMCB collected on 2021-10-26 community collected micro,412755,marine sediment metagenome,metagenome,sediment [ENVO:00002007],2021-10-26,NRMCB_So_211026,Marina Montresor,0000-0002-2475-1787,no_tide,75.0,,3,,,,,,,sediment corer,So SOP1,used a multicorer 2 cores collected (4.5 cm diameter); the upper 5 cm mixed and subsampled in the tubes,2021-10-26,freezer #1 BEOM; upper compartment; rack #8 d III (see scheme in technical support EMI),-80,Raffaella Casotti,0000-0002-9876-4601,,,,,,,,,,,
EMOBON_NRMCB_So_14,EMOBON_NRMCB_So_20211026_micro_4,EMOBON metagenome sediment sample from station NRMCB collected on 2021-10-26 community collected micro,412755,marine sediment metagenome,metagenome,sediment [ENVO:00002007],2021-10-26,NRMCB_So_211026,Marina Montresor,0000-0002-2475-1787,no_tide,75.0,,4,,,,,,,sediment corer,So SOP1,used a multicorer 2 cores collected (4.5 cm diameter); the upper 5 cm mixed and subsampled in the tubes,2021-10-26,freezer #1 BEOM; upper compartment; rack #8 d III (see scheme in technical support EMI),-80,Raffaella Casotti,0000-0002-9876-4601,,,,,,,,,,,
EMOBON_NRMCB_So_15,EMOBON_NRMCB_So_20211026_micro_blank,EMOBON metagenome sediment sample from station NRMCB collected on 2021-10-26 community collected micro,256318,metagenome,metagenome,sediment [ENVO:00002007],2021-10-26,NRMCB_So_211026,Marina Montresor,0000-0002-2475-1787,no_tide,,,blank_1,,,,,,,,,,2021-10-26,freezer #1 BEOM; upper compartment; rack #8 d III (see scheme in technical support EMI),-80,Raffaella Casotti,0000-0002-9876-4601,,,,,,,,,,,
EMOBON_NRMCB_So_16,EMOBON _NRMCB_So_20211221_micro_1,EMOBON metagenome sediment sample from station NRMCB collected on 2021-12-21 community collected micro,412755,marine sediment metagenome,metagenome,sediment [ENVO:00002007],2021-12-21,NRMCB_So_211221,Marina Montresor,0000-0002-2475-1787,no_tide,75.0,,1,,,,,,,sediment corer,So SOP1,used a multicorer 2 cores collected (4.5 cm diameter); the upper 5 cm mixed and subsampled in the tubes,2021-12-21,freezer #1 BEOM; upper compartment; rack #8 d III (see scheme in technical support EMI),-80,Raffaella Casotti,0000-0002-9876-4601,,,,2022-02-09,2022-02-10,-70.0,2022-02-22,2022-02-23,,,
EMOBON_NRMCB_So_17,EMOBON _NRMCB_So_20211221_micro_2,EMOBON metagenome sediment sample from station NRMCB collected on 2021-12-21 community collected micro,412755,marine sediment metagenome,metagenome,sediment [ENVO:00002007],2021-12-21,NRMCB_So_211221,Marina Montresor,0000-0002-2475-1787,no_tide,75.0,,2,,,,,,,sediment corer,So SOP1,used a multicorer 2 cores collected (4.5 cm diameter); the upper 5 cm mixed and subsampled in the tubes,2021-12-21,freezer #1 BEOM; upper compartment; rack #8 d III (see scheme in technical support EMI),-80,Raffaella Casotti,0000-0002-9876-4601,,,,2022-02-09,2022-02-10,-70.0,2022-02-22,2022-02-23,,,
EMOBON_NRMCB_So_18,EMOBON _NRMCB_So_20211221_micro_3,EMOBON metagenome sediment sample from station NRMCB collected on 2021-12-21 community collected micro,412755,marine sediment metagenome,metagenome,sediment [ENVO:00002007],2021-12-21,NRMCB_So_211221,Marina Montresor,0000-0002-2475-1787,no_tide,75.0,,3,,,,,,,sediment corer,So SOP1,used a multicorer 2 cores collected (4.5 cm diameter); the upper 5 cm mixed and subsampled in the tubes,2021-12-21,freezer #1 BEOM; upper compartment; rack #8 d III (see scheme in technical support EMI),-80,Raffaella Casotti,0000-0002-9876-4601,,,,,,,,,,,
EMOBON_NRMCB_So_19,EMOBON _NRMCB_So_20211221_micro_4,EMOBON metagenome sediment sample from station NRMCB collected on 2021-12-21 community collected micro,412755,marine sediment metagenome,metagenome,sediment [ENVO:00002007],2021-12-21,NRMCB_So_211221,Marina Montresor,0000-0002-2475-1787,no_tide,75.0,,4,,,,,,,sediment corer,So SOP1,used a multicorer 2 cores collected (4.5 cm diameter); the upper 5 cm mixed and subsampled in the tubes,2021-12-21,freezer #1 BEOM; upper compartment; rack #8 d III (see scheme in technical support EMI),-80,Raffaella Casotti,0000-0002-9876-4601,,,,,,,,,,,
EMOBON_NRMCB_So_20,EMOBON _NRMCB_So_20211221_micro_blank,EMOBON metagenome sediment sample from station NRMCB collected on 2021-12-21 community collected micro,256318,metagenome,metagenome,sediment [ENVO:00002007],2021-12-21,NRMCB_So_211221,Marina Montresor,0000-0002-2475-1787,no_tide,,,blank_1,,,,,,,,,,2021-12-21,freezer #1 BEOM; upper compartment; rack #8 d III (see scheme in technical support EMI),-80,Raffaella Casotti,0000-0002-9876-4601,,,,,,,,,,,
EMOBON_NRMCB_So_21,EMOBON_NRMCB_So_20220311_micro_1,EMOBON metagenome sediment sample from station NRMCB collected on 2022-03-11 community collected micro,412755,marine sediment metagenome,metagenome,sediment [ENVO:00002007],2022-03-11,NRMCB_So_220311,Ferdinando Tramontano,,no_tide,75.0,,1,,,,,,,sediment corer,So SOP1,used a multicorer 2 cores collected (4.5 cm diameter); the upper 5 cm mixed and subsampled in the tubes,2022-03-11,freezer #1 BEOM; upper compartment; rack #8 d III (see scheme in technical support EMI),-80,Raffaella Casotti,0000-0002-9876-4601,,,,2022-10-17,2022-10-19,-70.0,2023-06-01,2023-06-01,,,
EMOBON_NRMCB_So_22,EMOBON_NRMCB_So_20220311_micro_2,EMOBON metagenome sediment sample from station NRMCB collected on 2022-03-11 community collected micro,412755,marine sediment metagenome,metagenome,sediment [ENVO:00002007],2022-03-11,NRMCB_So_220311,Ferdinando Tramontano,,no_tide,75.0,,2,,,,,,,sediment corer,So SOP1,used a multicorer 2 cores collected (4.5 cm diameter); the upper 5 cm mixed and subsampled in the tubes,2022-03-11,freezer #1 BEOM; upper compartment; rack #8 d III (see scheme in technical support EMI),-80,Raffaella Casotti,0000-0002-9876-4601,,,,2022-10-17,2022-10-19,-70.0,2023-06-01,2023-06-01,,,
EMOBON_NRMCB_So_23,EMOBON_NRMCB_So_20220311_micro_3,EMOBON metagenome sediment sample from station NRMCB collected on 2022-03-11 community collected micro,412755,marine sediment metagenome,metagenome,sediment [ENVO:00002007],2022-03-11,NRMCB_So_220311,Ferdinando Tramontano,,no_tide,75.0,,3,,,,,,,sediment corer,So SOP1,used a multicorer 2 cores collected (4.5 cm diameter); the upper 5 cm mixed and subsampled in the tubes,2022-03-11,freezer #1 BEOM; upper compartment; rack #8 d III (see scheme in technical support EMI),-80,Raffaella Casotti,0000-0002-9876-4601,,,,,,,,,,,
EMOBON_NRMCB_So_24,EMOBON_NRMCB_So_20220311_micro_4,EMOBON metagenome sediment sample from station NRMCB collected on 2022-03-11 community collected micro,412755,marine sediment metagenome,metagenome,sediment [ENVO:00002007],2022-03-11,NRMCB_So_220311,Ferdinando Tramontano,,no_tide,75.0,,4,,,,,,,sediment corer,So SOP1,used a multicorer 2 cores collected (4.5 cm diameter); the upper 5 cm mixed and subsampled in the tubes,2022-03-11,freezer #1 BEOM; upper compartment; rack #8 d III (see scheme in technical support EMI),-80,Raffaella Casotti,0000-0002-9876-4601,,,,,,,,,,,
EMOBON_NRMCB_So_25,EMOBON_NRMCB_So_20220311_micro_blank,EMOBON metagenome sediment sample from station NRMCB collected on 2022-03-11 community collected micro,256318,metagenome,metagenome,sediment [ENVO:00002007],2022-03-11,NRMCB_So_220311,Ferdinando Tramontano,,no_tide,,,blank_1,,,,,,,,,DNA Shield,2022-03-11,freezer #1 BEOM; upper compartment; rack #8 d III (see scheme in technical support EMI),-80,Raffaella Casotti,0000-0002-9876-4601,,,,,,,,,,,
EMOBON_NRMCB_So_26,EMOBON_NRMCB_So_20220427_micro_1,EMOBON metagenome sediment sample from station NRMCB collected on 2022-04-27 community collected micro,412755,marine sediment metagenome,metagenome,sediment [ENVO:00002007],2022-04-27,NRMCB_So_220427,Marina Montresor,0000-0002-2475-1787,no_tide,75.0,,1,,,,,,,sediment corer,So SOP1,used a multicorer 2 cores collected (4.5 cm diameter); the upper 5 cm mixed and subsampled in the tubes,2022-04-27,freezer #1 BEOM; upper compartment; rack #8 d III (see scheme in technical support EMI),-80,Raffaella Casotti,0000-0002-9876-4601,,,,2022-10-17,2022-10-19,-70.0,2023-06-01,2023-06-01,,,
EMOBON_NRMCB_So_27,EMOBON _NRMCB_So_20220427_micro_2,EMOBON metagenome sediment sample from station NRMCB collected on 2022-04-27 community collected micro,412755,marine sediment metagenome,metagenome,sediment [ENVO:00002007],2022-04-27,NRMCB_So_220427,Marina Montresor,0000-0002-2475-1787,no_tide,75.0,,2,,,,,,,sediment corer,So SOP1,used a multicorer 2 cores collected (4.5 cm diameter); the upper 5 cm mixed and subsampled in the tubes,2022-04-27,freezer #1 BEOM; upper compartment; rack #8 d III (see scheme in technical support EMI),-80,Raffaella Casotti,0000-0002-9876-4601,,,,2022-10-17,2022-10-19,-70.0,2023-06-01,2023-06-01,,,
EMOBON_NRMCB_So_28,EMOBON_NRMCB_So_20220427_micro_3,EMOBON metagenome sediment sample from station NRMCB collected on 2022-04-27 community collected micro,412755,marine sediment metagenome,metagenome,sediment [ENVO:00002007],2022-04-27,NRMCB_So_220427,Marina Montresor,0000-0002-2475-1787,no_tide,75.0,,3,,,,,,,sediment corer,So SOP1,used a multicorer 2 cores collected (4.5 cm diameter); the upper 5 cm mixed and subsampled in the tubes,2022-04-27,freezer #1 BEOM; upper compartment; rack #8 d III (see scheme in technical support EMI),-80,Raffaella Casotti,0000-0002-9876-4601,,,,,,,,,,,
EMOBON_NRMCB_So_29,EMOBON _NRMCB_So_20220427_micro_4,EMOBON metagenome sediment sample from station NRMCB collected on 2022-04-27 community collected micro,412755,marine sediment metagenome,metagenome,sediment [ENVO:00002007],2022-04-27,NRMCB_So_220427,Marina Montresor,0000-0002-2475-1787,no_tide,75.0,,4,,,,,,,sediment corer,So SOP1,used a multicorer 2 cores collected (4.5 cm diameter); the upper 5 cm mixed and subsampled in the tubes,2022-04-27,freezer #1 BEOM; upper compartment; rack #8 d III (see scheme in technical support EMI),-80,Raffaella Casotti,0000-0002-9876-4601,,,,,,,,,,,
EMOBON_NRMCB_So_30,EMOBON _NRMCB_So_20220427_micro_blank,EMOBON metagenome sediment sample from station NRMCB collected on 2022-04-27 community collected micro,256318,metagenome,metagenome,sediment [ENVO:00002007],2022-04-27,NRMCB_So_220427,Marina Montresor,0000-0002-2475-1787,no_tide,,,blank_1,,,,,,,,,DNA Shield,2022-04-27,freezer #1 BEOM; upper compartment; rack #8 d III (see scheme in technical support EMI),-80,Raffaella Casotti,0000-0002-9876-4601,,,,,,,,,,,
EMOBON_NRMCB_So_31,EMOBON_NRMCB_So_20220623_micro_1,EMOBON metagenome sediment sample from station NRMCB collected on 2022-06-23 community collected micro,412755,marine sediment metagenome,metagenome,sediment [ENVO:00002007],2022-06-23,NRMCB_So_220623,Marina Montresor,0000-0002-2475-1787,no_tide,75.0,,1,,,,,,,sediment corer,So SOP1,used a multicorer 2 cores collected (4.5 cm diameter); the upper 5 cm mixed and subsampled in the tubes,2022-06-23,freezer #1 BEOM; upper compartment; rack #8 d III (see scheme in technical support EMI),-80,Raffaella Casotti,0000-0002-9876-4601,,,,2022-10-17,2022-10-19,-70.0,2023-06-01,2023-06-01,,,
EMOBON_NRMCB_So_32,EMOBON_NRMCB_So_20220623_micro_2,EMOBON metagenome sediment sample from station NRMCB collected on 2022-06-23 community collected micro,412755,marine sediment metagenome,metagenome,sediment [ENVO:00002007],2022-06-23,NRMCB_So_220623,Marina Montresor,0000-0002-2475-1787,no_tide,75.0,,2,,,,,,,sediment corer,So SOP1,used a multicorer 2 cores collected (4.5 cm diameter); the upper 5 cm mixed and subsampled in the tubes,2022-06-23,freezer #1 BEOM; upper compartment; rack #8 d III (see scheme in technical support EMI),-80,Raffaella Casotti,0000-0002-9876-4601,,,,2022-10-17,2022-10-19,-70.0,2023-06-01,2023-06-01,,,
EMOBON_NRMCB_So_33,EMOBON_NRMCB_So_20220623_micro_3,EMOBON metagenome sediment sample from station NRMCB collected on 2022-06-23 community collected micro,412755,marine sediment metagenome,metagenome,sediment [ENVO:00002007],2022-06-23,NRMCB_So_220623,Marina Montresor,0000-0002-2475-1787,no_tide,75.0,,3,,,,,,,sediment corer,So SOP1,used a multicorer 2 cores collected (4.5 cm diameter); the upper 5 cm mixed and subsampled in the tubes,2022-06-23,freezer #1 BEOM; upper compartment; rack #8 d III (see scheme in technical support EMI),-80,Raffaella Casotti,0000-0002-9876-4601,,,,,,,,,,,
EMOBON_NRMCB_So_34,EMOBON_NRMCB_So_20220623_micro_4,EMOBON metagenome sediment sample from station NRMCB collected on 2022-06-23 community collected micro,412755,marine sediment metagenome,metagenome,sediment [ENVO:00002007],2022-06-23,NRMCB_So_220623,Marina Montresor,0000-0002-2475-1787,no_tide,75.0,,4,,,,,,,sediment corer,So SOP1,used a multicorer 2 cores collected (4.5 cm diameter); the upper 5 cm mixed and subsampled in the tubes,2022-06-23,freezer #1 BEOM; upper compartment; rack #8 d III (see scheme in technical support EMI),-80,Raffaella Casotti,0000-0002-9876-4601,,,,,,,,,,,
EMOBON_NRMCB_So_35,EMOBON_NRMCB_So_20220623_micro_blank,EMOBON metagenome sediment sample from station NRMCB collected on 2022-06-23 community collected micro,256318,metagenome,metagenome,sediment [ENVO:00002007],2022-06-23,NRMCB_So_220623,Marina Montresor,0000-0002-2475-1787,no_tide,,,blank_1,,,,,,,,,,2022-06-23,freezer #1 BEOM; upper compartment; rack #8 d III (see scheme in technical support EMI),-80,Raffaella Casotti,0000-0002-9876-4601,,,,,,,,,,,
EMOBON_NRMCB_So_36,EMOBON_NRMCB_So_20220803_micro_1,EMOBON metagenome sediment sample from station NRMCB collected on 2022-08-03 community collected micro,412755,marine sediment metagenome,metagenome,sediment [ENVO:00002007],2022-08-03,NRMCB_So_220803,Marina Montresor,0000-0002-2475-1787,no_tide,75.0,,1,,,,,,,sediment corer,So SOP1,used a multicorer 2 cores collected (4.5 cm diameter); the upper 5 cm mixed and subsampled in the tubes,2022-08-03,freezer #1 BEOM; upper compartment; rack #8 d III (see scheme in technical support EMI),-80,Raffaella Casotti,0000-0002-9876-4601,,,,2022-10-17,2022-10-19,-70.0,2023-06-01,2023-06-01,,,
EMOBON_NRMCB_So_37,EMOBON_NRMCB_So_20220803_micro_2,EMOBON metagenome sediment sample from station NRMCB collected on 2022-08-03 community collected micro,412755,marine sediment metagenome,metagenome,sediment [ENVO:00002007],2022-08-03,NRMCB_So_220803,Marina Montresor,0000-0002-2475-1787,no_tide,75.0,,2,,,,,,,sediment corer,So SOP1,used a multicorer 2 cores collected (4.5 cm diameter); the upper 5 cm mixed and subsampled in the tubes,2022-08-03,freezer #1 BEOM; upper compartment; rack #8 d III (see scheme in technical support EMI),-80,Raffaella Casotti,0000-0002-9876-4601,,,,2022-10-17,2022-10-19,-70.0,2023-06-01,2023-06-01,,,
EMOBON_NRMCB_So_38,EMOBON_NRMCB_So_20220803_micro_3,EMOBON metagenome sediment sample from station NRMCB collected on 2022-08-03 community collected micro,412755,marine sediment metagenome,metagenome,sediment [ENVO:00002007],2022-08-03,NRMCB_So_220803,Marina Montresor,0000-0002-2475-1787,no_tide,75.0,,3,,,,,,,sediment corer,So SOP1,used a multicorer 2 cores collected (4.5 cm diameter); the upper 5 cm mixed and subsampled in the tubes,2022-08-03,freezer #1 BEOM; upper compartment; rack #8 d III (see scheme in technical support EMI),-80,Raffaella Casotti,0000-0002-9876-4601,,,,,,,,,,,
EMOBON_NRMCB_So_39,EMOBON_NRMCB_So_20220803_micro_4,EMOBON metagenome sediment sample from station NRMCB collected on 2022-08-03 community collected micro,412755,marine sediment metagenome,metagenome,sediment [ENVO:00002007],2022-08-03,NRMCB_So_220803,Marina Montresor,0000-0002-2475-1787,no_tide,75.0,,4,,,,,,,sediment corer,So SOP1,used a multicorer 2 cores collected (4.5 cm diameter); the upper 5 cm mixed and subsampled in the tubes,2022-08-03,freezer #1 BEOM; upper compartment; rack #8 d III (see scheme in technical support EMI),-80,Raffaella Casotti,0000-0002-9876-4601,,,,,,,,,,,
EMOBON_NRMCB_So_40,EMOBON_NRMCB_So_20220803_micro_blank,EMOBON metagenome sediment sample from station NRMCB collected on 2022-08-03 community collected micro,256318,metagenome,metagenome,sediment [ENVO:00002007],2022-08-03,NRMCB_So_220803,Marina Montresor,0000-0002-2475-1787,no_tide,,,blank_1,,,,,,,,,DNA Shield,2022-08-03,freezer #1 BEOM; upper compartment; rack #8 d III (see scheme in technical support EMI),-80,Raffaella Casotti,0000-0002-9876-4601,,,,,,,,,,,
EMOBON_NRMCB_So_41,EMOBON_NRMCB_So_20221011_micro_1,EMOBON metagenome sediment sample from station NRMCB collected on 2022-10-11 community collected micro,412755,marine sediment metagenome,metagenome,sediment [ENVO:00002007],2022-10-11,NRMCB_So_221011,Marina Montresor,0000-0002-2475-1787,no_tide,75.0,,1,,,,,,,sediment corer,So SOP1,used a multicorer 2 cores collected (4.5 cm diameter); the upper 5 cm mixed and subsampled in the tubes,2022-10-11,freezer #1 BEOM; upper compartment; rack #8 d III (see scheme in technical support EMI),-80,Raffaella Casotti,0000-0002-9876-4601,,,,2023-06-26,2023-06-28,-70.0,,,,,
EMOBON_NRMCB_So_42,EMOBON_NRMCB_So_20221011_micro_2,EMOBON metagenome sediment sample from station NRMCB collected on 2022-10-11 community collected micro,412755,marine sediment metagenome,metagenome,sediment [ENVO:00002007],2022-10-11,NRMCB_So_221011,Marina Montresor,0000-0002-2475-1787,no_tide,75.0,,2,,,,,,,sediment corer,So SOP1,used a multicorer 2 cores collected (4.5 cm diameter); the upper 5 cm mixed and subsampled in the tubes,2022-10-11,freezer #1 BEOM; upper compartment; rack #8 d III (see scheme in technical support EMI),-80,Raffaella Casotti,0000-0002-9876-4601,,,,2023-06-26,2023-06-28,-70.0,,,,,
EMOBON_NRMCB_So_43,EMOBON_NRMCB_So_20221011_micro_3,EMOBON metagenome sediment sample from station NRMCB collected on 2022-10-11 community collected micro,412755,marine sediment metagenome,metagenome,sediment [ENVO:00002007],2022-10-11,NRMCB_So_221011,Marina Montresor,0000-0002-2475-1787,no_tide,75.0,,3,,,,,,,sediment corer,So SOP1,used a multicorer 2 cores collected (4.5 cm diameter); the upper 5 cm mixed and subsampled in the tubes,2022-10-11,freezer #1 BEOM; upper compartment; rack #8 d III (see scheme in technical support EMI),-80,Raffaella Casotti,0000-0002-9876-4601,,,,,,,,,,,
EMOBON_NRMCB_So_44,EMOBON_NRMCB_So_20221011_micro_4,EMOBON metagenome sediment sample from station NRMCB collected on 2022-10-11 community collected micro,412755,marine sediment metagenome,metagenome,sediment [ENVO:00002007],2022-10-11,NRMCB_So_221011,Marina Montresor,0000-0002-2475-1787,no_tide,75.0,,4,,,,,,,sediment corer,So SOP1,used a multicorer 2 cores collected (4.5 cm diameter); the upper 5 cm mixed and subsampled in the tubes,2022-10-11,freezer #1 BEOM; upper compartment; rack #8 d III (see scheme in technical support EMI),-80,Raffaella Casotti,0000-0002-9876-4601,,,,,,,,,,,
EMOBON_NRMCB_So_45,EMOBON_NRMCB_So_20221011_micro_blank,EMOBON metagenome sediment sample from station NRMCB collected on 2022-10-11 community collected micro,256318,metagenome,metagenome,sediment [ENVO:00002007],2022-10-11,NRMCB_So_221011,Marina Montresor,0000-0002-2475-1787,no_tide,,,blank_1,,,,,,,,,,2022-10-11,freezer #1 BEOM; upper compartment; rack #8 d III (see scheme in technical support EMI),-80,Raffaella Casotti,0000-0002-9876-4601,,,,,,,,,,,
EMOBON_NRMCB_So_46,EMOBON_NRMCB_So_20221206_micro_1,EMOBON metagenome sediment sample from station NRMCB collected on 2022-12-06 community collected micro,412755,marine sediment metagenome,metagenome,sediment [ENVO:00002007],2022-12-06,NRMCB_So_221206,Marina Montresor,0000-0002-2475-1787,no_tide,75.0,,1,,,,,,,sediment corer,So SOP1,used a multicorer 2 cores collected (4.5 cm diameter); the upper 5 cm mixed and subsampled in the tubes,2022-12-06,freezer #1 BEOM; upper compartment; rack #8 d III (see scheme in technical support EMI),-80,Raffaella Casotti,0000-0002-9876-4601,,,,2023-06-26,2023-06-28,-70.0,,,,,
EMOBON_NRMCB_So_47,EMOBON_NRMCB_So_20221206_micro_2,EMOBON metagenome sediment sample from station NRMCB collected on 2022-12-06 community collected micro,412755,marine sediment metagenome,metagenome,sediment [ENVO:00002007],2022-12-06,NRMCB_So_221206,Marina Montresor,0000-0002-2475-1787,no_tide,75.0,,2,,,,,,,sediment corer,So SOP1,used a multicorer 2 cores collected (4.5 cm diameter); the upper 5 cm mixed and subsampled in the tubes,2022-12-06,freezer #1 BEOM; upper compartment; rack #8 d III (see scheme in technical support EMI),-80,Raffaella Casotti,0000-0002-9876-4601,,,,2023-06-26,2023-06-28,-70.0,,,,,
EMOBON_NRMCB_So_48,EMOBON_NRMCB_So_20221206_micro_3,EMOBON metagenome sediment sample from station NRMCB collected on 2022-12-06 community collected micro,412755,marine sediment metagenome,metagenome,sediment [ENVO:00002007],2022-12-06,NRMCB_So_221206,Marina Montresor,0000-0002-2475-1787,no_tide,75.0,,3,,,,,,,sediment corer,So SOP1,used a multicorer 2 cores collected (4.5 cm diameter); the upper 5 cm mixed and subsampled in the tubes,2022-12-06,freezer #1 BEOM; upper compartment; rack #8 d III (see scheme in technical support EMI),-80,Raffaella Casotti,0000-0002-9876-4601,,,,,,,,,,,
EMOBON_NRMCB_So_49,EMOBON_NRMCB_So_20221206_micro_4,EMOBON metagenome sediment sample from station NRMCB collected on 2022-12-06 community collected micro,412755,marine sediment metagenome,metagenome,sediment [ENVO:00002007],2022-12-06,NRMCB_So_221206,Marina Montresor,0000-0002-2475-1787,no_tide,75.0,,4,,,,,,,sediment corer,So SOP1,used a multicorer 2 cores collected (4.5 cm diameter); the upper 5 cm mixed and subsampled in the tubes,2022-12-06,freezer #1 BEOM; upper compartment; rack #8 d III (see scheme in technical support EMI),-80,Raffaella Casotti,0000-0002-9876-4601,,,,,,,,,,,
EMOBON_NRMCB_So_50,EMOBON_NRMCB_So_20221206_micro_blank,EMOBON metagenome sediment sample from station NRMCB collected on 2022-12-06 community collected micro,256318,metagenome,metagenome,sediment [ENVO:00002007],2022-12-06,NRMCB_So_221206,Marina Montresor,0000-0002-2475-1787,no_tide,,,blank_1,,,,,,,,,NO DNA SHield,2022-12-06,freezer #1 BEOM; upper compartment; rack #8 d III (see scheme in technical support EMI),-80,Raffaella Casotti,0000-0002-9876-4601,,,,,,,,,,,
EMOBON_NRMCB_So_51,EMOBON_NRMCB_So_20230214_micro_1,EMOBON metagenome sediment sample from station NRMCB collected on 2023-02-14 community collected micro,412755,marine sediment metagenome,metagenome,sediment [ENVO:00002007],2023-02-14,NRMCB_So_230214,Marina Montresor,0000-0002-2475-1787,no_tide,75.0,,1,,,,,,,sediment corer,So SOP1,used a multicorer 2 cores collected (4.5 cm diameter); the upper 5 cm mixed and subsampled in the tubes,2023-02-14,freezer #1 BEOM; upper compartment; rack #8 d III (see scheme in technical support EMI),-80,Raffaella Casotti,0000-0002-9876-4601,,,,2023-06-26,2023-06-28,-70.0,,,,,
EMOBON_NRMCB_So_52,EMOBON_NRMCB_So_20230214_micro_2,EMOBON metagenome sediment sample from station NRMCB collected on 2023-02-14 community collected micro,412755,marine sediment metagenome,metagenome,sediment [ENVO:00002007],2023-02-14,NRMCB_So_230214,Marina Montresor,0000-0002-2475-1787,no_tide,75.0,,2,,,,,,,sediment corer,So SOP1,used a multicorer 2 cores collected (4.5 cm diameter); the upper 5 cm mixed and subsampled in the tubes,2023-02-14,freezer #1 BEOM; upper compartment; rack #8 d III (see scheme in technical support EMI),-80,Raffaella Casotti,0000-0002-9876-4601,,,,2023-06-26,2023-06-28,-70.0,,,,,
EMOBON_NRMCB_So_53,EMOBON_NRMCB_So_20230214_micro_3,EMOBON metagenome sediment sample from station NRMCB collected on 2023-02-14 community collected micro,412755,marine sediment metagenome,metagenome,sediment [ENVO:00002007],2023-02-14,NRMCB_So_230214,Marina Montresor,0000-0002-2475-1787,no_tide,75.0,,3,,,,,,,sediment corer,So SOP1,used a multicorer 2 cores collected (4.5 cm diameter); the upper 5 cm mixed and subsampled in the tubes,2023-02-14,freezer #1 BEOM; upper compartment; rack #8 d III (see scheme in technical support EMI),-80,Raffaella Casotti,0000-0002-9876-4601,,,,,,,,,,,
EMOBON_NRMCB_So_54,EMOBON_NRMCB_So_20230214_micro_4,EMOBON metagenome sediment sample from station NRMCB collected on 2023-02-14 community collected micro,412755,marine sediment metagenome,metagenome,sediment [ENVO:00002007],2023-02-14,NRMCB_So_230214,Marina Montresor,0000-0002-2475-1787,no_tide,75.0,,4,,,,,,,sediment corer,So SOP1,used a multicorer 2 cores collected (4.5 cm diameter); the upper 5 cm mixed and subsampled in the tubes,2023-02-14,freezer #1 BEOM; upper compartment; rack #8 d III (see scheme in technical support EMI),-80,Raffaella Casotti,0000-0002-9876-4601,,,,,,,,,,,
EMOBON_NRMCB_So_55,EMOBON_NRMCB_So_20230214_micro_blank,EMOBON metagenome sediment sample from station NRMCB collected on 2023-02-14 community collected micro,256318,metagenome,metagenome,sediment [ENVO:00002007],2023-02-14,NRMCB_So_230214,Marina Montresor,0000-0002-2475-1787,no_tide,,,blank_1,,,,,,,,,NO DNA SHield,2023-02-14,freezer #1 BEOM; upper compartment; rack #8 d III (see scheme in technical support EMI),-80,Raffaella Casotti,0000-0002-9876-4601,,,,,,,,,,,
EMOBON_NRMCB_So_56,EMOBON_NRMCB_So_20230727_micro_1,EMOBON metagenome sediment sample from station NRMCB collected on 2023-04-27 community collected micro,412755,marine sediment metagenome,metagenome,sediment [ENVO:00002007],2023-04-27,NRMCB_So_230427,Marina Montresor,0000-0002-2475-1787,no_tide,75.0,,1,,,,,,,sediment corer,So SOP1,used a multicorer 2 cores collected (4.5 cm diameter); the upper 5 cm mixed and subsampled in the tubes,2023-04-27,freezer #1 BEOM; upper compartment; rack #8 d III (see scheme in technical support EMI),-80,Raffaella Casotti,0000-0002-9876-4601,,,,2023-06-26,2023-06-28,-70.0,,,,,
EMOBON_NRMCB_So_57,EMOBON_NRMCB_So_20230727_micro_2,EMOBON metagenome sediment sample from station NRMCB collected on 2023-04-27 community collected micro,412755,marine sediment metagenome,metagenome,sediment [ENVO:00002007],2023-04-27,NRMCB_So_230427,Marina Montresor,0000-0002-2475-1787,no_tide,75.0,,2,,,,,,,sediment corer,So SOP1,used a multicorer 2 cores collected (4.5 cm diameter); the upper 5 cm mixed and subsampled in the tubes,2023-04-27,freezer #1 BEOM; upper compartment; rack #8 d III (see scheme in technical support EMI),-80,Raffaella Casotti,0000-0002-9876-4601,,,,2023-06-26,2023-06-28,-70.0,,,,,
EMOBON_NRMCB_So_58,EMOBON_NRMCB_So_20230727_micro_3,EMOBON metagenome sediment sample from station NRMCB collected on 2023-04-27 community collected micro,412755,marine sediment metagenome,metagenome,sediment [ENVO:00002007],2023-04-27,NRMCB_So_230427,Marina Montresor,0000-0002-2475-1787,no_tide,75.0,,3,,,,,,,sediment corer,So SOP1,used a multicorer 2 cores collected (4.5 cm diameter); the upper 5 cm mixed and subsampled in the tubes,2023-04-27,freezer #1 BEOM; upper compartment; rack #8 d III (see scheme in technical support EMI),-80,Raffaella Casotti,0000-0002-9876-4601,,,,,,,,,,,
EMOBON_NRMCB_So_59,EMOBON_NRMCB_So_20230727_micro_4,EMOBON metagenome sediment sample from station NRMCB collected on 2023-04-27 community collected micro,412755,marine sediment metagenome,metagenome,sediment [ENVO:00002007],2023-04-27,NRMCB_So_230427,Marina Montresor,0000-0002-2475-1787,no_tide,75.0,,4,,,,,,,sediment corer,So SOP1,used a multicorer 2 cores collected (4.5 cm diameter); the upper 5 cm mixed and subsampled in the tubes,2023-04-27,freezer #1 BEOM; upper compartment; rack #8 d III (see scheme in technical support EMI),-80,Raffaella Casotti,0000-0002-9876-4601,,,,,,,,,,,
EMOBON_NRMCB_So_60,EMOBON_NRMCB_So_20230727_micro_blank,EMOBON metagenome sediment sample from station NRMCB collected on 2023-04-27 community collected micro,256318,metagenome,metagenome,sediment [ENVO:00002007],2023-04-27,NRMCB_So_230427,Marina Montresor,0000-0002-2475-1787,no_tide,,,blank_1,,,,,,,,,NO DNA SHield,2023-04-27,freezer #1 BEOM; upper compartment; rack #8 d III (see scheme in technical support EMI),-80,Raffaella Casotti,0000-0002-9876-4601,,,,,,,,,,,
EMOBON_NRMCB_So_61,EMOBON_NRMCB_So_20230613_micro_1,EMOBON metagenome sediment sample from station NRMCB collected on 2023-06-13 community collected micro,412755,marine sediment metagenome,metagenome,sediment [ENVO:00002007],2023-06-13,NRMCB_So_230613,Marina Montresor,0000-0002-2475-1787,no_tide,75.0,,1,,,,,,,sediment corer,So SOP1,used a multicorer 2 cores collected (4.5 cm diameter); the upper 5 cm mixed and subsampled in the tubes,2023-06-13,freezer #1 BEOM; upper compartment; rack #8 d III (see scheme in technical support EMI),-80,Raffaella Casotti,0000-0002-9876-4601,,,,2023-09-13,,,,,,,
EMOBON_NRMCB_So_62,EMOBON_NRMCB_So_20230613_micro_2,EMOBON metagenome sediment sample from station NRMCB collected on 2023-06-13 community collected micro,412755,marine sediment metagenome,metagenome,sediment [ENVO:00002007],2023-06-13,NRMCB_So_230613,Marina Montresor,0000-0002-2475-1787,no_tide,75.0,,2,,,,,,,sediment corer,So SOP1,used a multicorer 2 cores collected (4.5 cm diameter); the upper 5 cm mixed and subsampled in the tubes,2023-06-13,freezer #1 BEOM; upper compartment; rack #8 d III (see scheme in technical support EMI),-80,Raffaella Casotti,0000-0002-9876-4601,,,,2023-09-13,,,,,,,
EMOBON_NRMCB_So_63,EMOBON_NRMCB_So_20230613_micro_3,EMOBON metagenome sediment sample from station NRMCB collected on 2023-06-13 community collected micro,412755,marine sediment metagenome,metagenome,sediment [ENVO:00002007],2023-06-13,NRMCB_So_230613,Marina Montresor,0000-0002-2475-1787,no_tide,75.0,,3,,,,,,,sediment corer,So SOP1,used a multicorer 2 cores collected (4.5 cm diameter); the upper 5 cm mixed and subsampled in the tubes,2023-06-13,freezer #1 BEOM; upper compartment; rack #8 d III (see scheme in technical support EMI),-80,Raffaella Casotti,0000-0002-9876-4601,,,,,,,,,,,
EMOBON_NRMCB_So_64,EMOBON_NRMCB_So_20230613_micro_4,EMOBON metagenome sediment sample from station NRMCB collected on 2023-06-13 community collected micro,412755,marine sediment metagenome,metagenome,sediment [ENVO:00002007],2023-06-13,NRMCB_So_230613,Marina Montresor,0000-0002-2475-1787,no_tide,75.0,,4,,,,,,,sediment corer,So SOP1,used a multicorer 2 cores collected (4.5 cm diameter); the upper 5 cm mixed and subsampled in the tubes,2023-06-13,freezer #1 BEOM; upper compartment; rack #8 d III (see scheme in technical support EMI),-80,Raffaella Casotti,0000-0002-9876-4601,,,,,,,,,,,
EMOBON_NRMCB_So_65,EMOBON_NRMCB_So_20230613_micro_blank,EMOBON metagenome sediment sample from station NRMCB collected on 2023-06-13 community collected micro,256318,metagenome,metagenome,sediment [ENVO:00002007],2023-06-13,NRMCB_So_230613,Marina Montresor,0000-0002-2475-1787,no_tide,,,blank_1,,,,,,,,,NO DNA SHield,2023-06-13,freezer #1 BEOM; upper compartment; rack #8 d III (see scheme in technical support EMI),-80,Raffaella Casotti,0000-0002-9876-4601,,,,2023-09-13,,,,,,,
EMOBON_NRMCB_So_66,EMOBON_NRMCB_So_20230803_micro_1,EMOBON metagenome sediment sample from station NRMCB collected on 2023-08-03 community collected micro,412755,marine sediment metagenome,metagenome,sediment [ENVO:00002007],2023-08-03,NRMCB_So_230803,Marina Montresor,0000-0002-2475-1787,no_tide,75.0,,1,,,,,,,sediment corer,So SOP1,used a multicorer 2 cores collected (4.5 cm diameter); the upper 5 cm mixed and subsampled in the tubes,2023-08-03,freezer #1 BEOM; upper compartment; rack #8 d III (see scheme in technical support EMI),-80,Raffaella Casotti,0000-0002-9876-4601,,,,2023-09-13,,,,,,,
EMOBON_NRMCB_So_67,EMOBON_NRMCB_So_20230803_micro_2,EMOBON metagenome sediment sample from station NRMCB collected on 2023-08-03 community collected micro,412755,marine sediment metagenome,metagenome,sediment [ENVO:00002007],2023-08-03,NRMCB_So_230803,Marina Montresor,0000-0002-2475-1787,no_tide,75.0,,2,,,,,,,sediment corer,So SOP1,used a multicorer 2 cores collected (4.5 cm diameter); the upper 5 cm mixed and subsampled in the tubes,2023-08-03,freezer #1 BEOM; upper compartment; rack #8 d III (see scheme in technical support EMI),-80,Raffaella Casotti,0000-0002-9876-4601,,,,2023-09-13,,,,,,,
EMOBON_NRMCB_So_68,EMOBON_NRMCB_So_20230803_micro_3,EMOBON metagenome sediment sample from station NRMCB collected on 2023-08-03 community collected micro,412755,marine sediment metagenome,metagenome,sediment [ENVO:00002007],2023-08-03,NRMCB_So_230803,Marina Montresor,0000-0002-2475-1787,no_tide,75.0,,3,,,,,,,sediment corer,So SOP1,used a multicorer 2 cores collected (4.5 cm diameter); the upper 5 cm mixed and subsampled in the tubes,2023-08-03,freezer #1 BEOM; upper compartment; rack #8 d III (see scheme in technical support EMI),-80,Raffaella Casotti,0000-0002-9876-4601,,,,,,,,,,,
EMOBON_NRMCB_So_69,EMOBON_NRMCB_So_20230803_micro_4,EMOBON metagenome sediment sample from station NRMCB collected on 2023-08-03 community collected micro,412755,marine sediment metagenome,metagenome,sediment [ENVO:00002007],2023-08-03,NRMCB_So_230803,Marina Montresor,0000-0002-2475-1787,no_tide,75.0,,4,,,,,,,sediment corer,So SOP1,used a multicorer 2 cores collected (4.5 cm diameter); the upper 5 cm mixed and subsampled in the tubes,2023-08-03,freezer #1 BEOM; upper compartment; rack #8 d III (see scheme in technical support EMI),-80,Raffaella Casotti,0000-0002-9876-4601,,,,,,,,,,,
EMOBON_NRMCB_So_70,EMOBON_NRMCB_So_20230803_micro_blank,EMOBON metagenome sediment sample from station NRMCB collected on 2023-08-03 community collected micro,256318,metagenome,metagenome,sediment [ENVO:00002007],2023-08-03,NRMCB_So_230803,Marina Montresor,0000-0002-2475-1787,no_tide,,,blank_1,,,,,,,,,YES DNA SHield,2023-08-03,freezer #1 BEOM; upper compartment; rack #8 d III (see scheme in technical support EMI),-80,Raffaella Casotti,0000-0002-9876-4601,,,,,,,,,,,
EMOBON_NRMCB_So_71,EMOBON_NRMCB_So_20231017_micro_1,EMOBON metagenome sediment sample from station NRMCB collected on 2023-10-23 community collected micro,412755,marine sediment metagenome,metagenome,sediment [ENVO:00002007],2023-10-17,NRMCB_So_231017,Raffaella Casotti,0000-0002-9876-4601,no_tide,75.0,,1,,,,,,,sediment corer,So SOP1,used a multicorer 2 cores collected (4.5 cm diameter); the upper 5 cm mixed and subsampled in the tubes,2023-10-23,freezer #2 EMI; lower compartment; rack #5d III (see scheme in technical support EMI),-80,Raffaella Casotti,0000-0002-9876-4601,,,,,,,,,,,
EMOBON_NRMCB_So_72,EMOBON_NRMCB_So_20231017_micro_2,EMOBON metagenome sediment sample from station NRMCB collected on 2023-10-23 community collected micro,412755,marine sediment metagenome,metagenome,sediment [ENVO:00002007],2023-10-17,NRMCB_So_231017,Raffaella Casotti,0000-0002-9876-4601,no_tide,75.0,,2,,,,,,,sediment corer,So SOP1,used a multicorer 2 cores collected (4.5 cm diameter); the upper 5 cm mixed and subsampled in the tubes,2023-10-23,freezer #2 EMI; lower compartment; rack #5d III (see scheme in technical support EMI),-80,Raffaella Casotti,0000-0002-9876-4601,,,,,,,,,,,
EMOBON_NRMCB_So_73,EMOBON_NRMCB_So_20231017_micro_3,EMOBON metagenome sediment sample from station NRMCB collected on 2023-10-23 community collected micro,412755,marine sediment metagenome,metagenome,sediment [ENVO:00002007],2023-10-17,NRMCB_So_231017,Raffaella Casotti,0000-0002-9876-4601,no_tide,75.0,,3,,,,,,,sediment corer,So SOP1,used a multicorer 2 cores collected (4.5 cm diameter); the upper 5 cm mixed and subsampled in the tubes,2023-10-23,freezer #2 EMI; lower compartment; rack #5d III (see scheme in technical support EMI),-80,Raffaella Casotti,0000-0002-9876-4601,,,,,,,,,,,
EMOBON_NRMCB_So_74,EMOBON_NRMCB_So_20231017_micro_4,EMOBON metagenome sediment sample from station NRMCB collected on 2023-10-23 community collected micro,412755,marine sediment metagenome,metagenome,sediment [ENVO:00002007],2023-10-17,NRMCB_So_231017,Raffaella Casotti,0000-0002-9876-4601,no_tide,75.0,,4,,,,,,,sediment corer,So SOP1,used a multicorer 2 cores collected (4.5 cm diameter); the upper 5 cm mixed and subsampled in the tubes,2023-10-23,freezer #2 EMI; lower compartment; rack #5d III (see scheme in technical support EMI),-80,Raffaella Casotti,0000-0002-9876-4601,,,,,,,,,,,
EMOBON_NRMCB_So_75,EMOBON_NRMCB_So_20231017_micro_blank,EMOBON metagenome sediment sample from station NRMCB collected on 2023-10-23 community collected micro,256318,metagenome,metagenome,sediment [ENVO:00002007],2023-10-17,NRMCB_So_231017,Raffaella Casotti,0000-0002-9876-4601,no_tide,,,blank_1,,,,,,,,,YES DNA SHield,2023-10-23,freezer #2 EMI; lower compartment; rack #5d III (see scheme in technical support EMI),-80,Raffaella Casotti,0000-0002-9876-4601,,,,,,,,,,,
EMOBON_NRMCB_So_76,EMOBON_NRMCB_So_20231218_micro_1,EMOBON metagenome sediment sample from station NRMCB collected on 2023-10-23 community collected micro,412755,marine sediment metagenome,metagenome,sediment [ENVO:00002007],2023-12-12,NRMCB_So_231212,Carmen Minucci,0000-0001-8054-4304,no_tide,75.0,,1,,,,,,,sediment corer,So SOP1,used a multicorer 2 cores collected (4.5 cm diameter); the upper 5 cm mixed and subsampled in the tubes,2023-12-12,freezer #2 EMI; lower compartment; rack #5d III (see scheme in technical support EMI),-80,Raffaella Casotti,0000-0002-9876-4601,,,,,,,,,,,
EMOBON_NRMCB_So_77,EMOBON_NRMCB_So_20231218_micro_2,EMOBON metagenome sediment sample from station NRMCB collected on 2023-10-23 community collected micro,412755,marine sediment metagenome,metagenome,sediment [ENVO:00002007],2023-12-12,NRMCB_So_231212,Carmen Minucci,0000-0001-8054-4304,no_tide,75.0,,2,,,,,,,sediment corer,So SOP1,used a multicorer 2 cores collected (4.5 cm diameter); the upper 5 cm mixed and subsampled in the tubes,2023-12-12,freezer #2 EMI; lower compartment; rack #5d III (see scheme in technical support EMI),-80,Raffaella Casotti,0000-0002-9876-4601,,,,,,,,,,,
EMOBON_NRMCB_So_78,EMOBON_NRMCB_So_20231218_micro_3,EMOBON metagenome sediment sample from station NRMCB collected on 2023-10-23 community collected micro,412755,marine sediment metagenome,metagenome,sediment [ENVO:00002007],2023-12-12,NRMCB_So_231212,Carmen Minucci,0000-0001-8054-4304,no_tide,75.0,,3,,,,,,,sediment corer,So SOP1,used a multicorer 2 cores collected (4.5 cm diameter); the upper 5 cm mixed and subsampled in the tubes,2023-12-12,freezer #2 EMI; lower compartment; rack #5d III (see scheme in technical support EMI),-80,Raffaella Casotti,0000-0002-9876-4601,,,,,,,,,,,
EMOBON_NRMCB_So_79,EMOBON_NRMCB_SO_20231218_micro_4,EMOBON metagenome sediment sample from station NRMCB collected on 2023-10-23 community collected micro,412755,marine sediment metagenome,metagenome,sediment [ENVO:00002007],2023-12-12,NRMCB_So_231212,Carmen Minucci,0000-0001-8054-4304,no_tide,75.0,,4,,,,,,,sediment corer,So SOP1,used a multicorer 2 cores collected (4.5 cm diameter); the upper 5 cm mixed and subsampled in the tubes,2023-12-12,freezer #2 EMI; lower compartment; rack #5d III (see scheme in technical support EMI),-80,Raffaella Casotti,0000-0002-9876-4601,,,,,,,,,,,
EMOBON_NRMCB_So_80,EMOBON_NRMCB_So_20231218_micro_blank,EMOBON metagenome sediment sample from station NRMCB collected on 2023-10-23 community collected micro,256318,metagenome,metagenome,sediment [ENVO:00002007],2023-12-12,NRMCB_So_231212,Carmen Minucci,0000-0001-8054-4304,no_tide,,,blank_1,,,,,,,,,YES DNA SHield,2023-12-12,freezer #2 EMI; lower compartment; rack #5d III (see scheme in technical support EMI),-80,Raffaella Casotti,0000-0002-9876-4601,,,,,,,,,,,
EMOBON_NRMCB_So_81,EMOBON_NRMCB_So_20240219_micro_1,EMOBON metagenome sediment sample from station NRMCB collected on 2023-10-23 community collected micro,412755,marine sediment metagenome,metagenome,sediment [ENVO:00002007],2024-02-19,NRMCB_So_240219,Carmen Minucci,0000-0001-8054-4304,no_tide,75.0,,1,,,,,,,sediment corer,So SOP1,used a multicorer 2 cores collected (4.5 cm diameter); the upper 5 cm mixed and subsampled in the tubes,2024-02-19,freezer #2 EMI; lower compartment; rack #5d III (see scheme in technical support EMI),-80,Raffaella Casotti,0000-0002-9876-4601,,,,,,,,,,,
EMOBON_NRMCB_So_82,EMOBON_NRMCB_So_20240219_micro_2,EMOBON metagenome sediment sample from station NRMCB collected on 2023-10-23 community collected micro,412755,marine sediment metagenome,metagenome,sediment [ENVO:00002007],2024-02-19,NRMCB_So_240219,Carmen Minucci,0000-0001-8054-4304,no_tide,75.0,,2,,,,,,,sediment corer,So SOP1,used a multicorer 2 cores collected (4.5 cm diameter); the upper 5 cm mixed and subsampled in the tubes,2024-02-19,freezer #2 EMI; lower compartment; rack #5d III (see scheme in technical support EMI),-80,Raffaella Casotti,0000-0002-9876-4601,,,,,,,,,,,
EMOBON_NRMCB_So_83,EMOBON_NRMCB_So_20240219_micro_3,EMOBON metagenome sediment sample from station NRMCB collected on 2023-10-23 community collected micro,412755,marine sediment metagenome,metagenome,sediment [ENVO:00002007],2024-02-19,NRMCB_So_240219,Carmen Minucci,0000-0001-8054-4304,no_tide,75.0,,3,,,,,,,sediment corer,So SOP1,used a multicorer 2 cores collected (4.5 cm diameter); the upper 5 cm mixed and subsampled in the tubes,2024-02-19,freezer #2 EMI; lower compartment; rack #5d III (see scheme in technical support EMI),-80,Raffaella Casotti,0000-0002-9876-4601,,,,,,,,,,,
EMOBON_NRMCB_So_84,EMOBON_NRMCB_SO_20240219_micro_4,EMOBON metagenome sediment sample from station NRMCB collected on 2023-10-23 community collected micro,412755,marine sediment metagenome,metagenome,sediment [ENVO:00002007],2024-02-19,NRMCB_So_240219,Carmen Minucci,0000-0001-8054-4304,no_tide,75.0,,4,,,,,,,sediment corer,So SOP1,used a multicorer 2 cores collected (4.5 cm diameter); the upper 5 cm mixed and subsampled in the tubes,2024-02-19,freezer #2 EMI; lower compartment; rack #5d III (see scheme in technical support EMI),-80,Raffaella Casotti,0000-0002-9876-4601,,,,,,,,,,,
EMOBON_NRMCB_So_85,EMOBON_NRMCB_So_20240219_micro_blank,EMOBON metagenome sediment sample from station NRMCB collected on 2023-10-23 community collected micro,256318,metagenome,metagenome,sediment [ENVO:00002007],2024-02-19,NRMCB_So_240219,Carmen Minucci,0000-0001-8054-4304,no_tide,,,blank_1,,,,,,,,,YES DNA SHield,2024-02-19,freezer #2 EMI; lower compartment; rack #5d III (see scheme in technical support EMI),-80,Raffaella Casotti,0000-0002-9876-4601,,,,,,,,,,,
EMOBON_NRMCB_So_86,EMOBON_NRMCB_So_20240411_micro_1,EMOBON metagenome sediment sample from station NRMCB collected on 2023-10-23 community collected micro,412755,marine sediment metagenome,metagenome,sediment [ENVO:00002007],2024-04-11,NRMCB_So_240411,Carmen Minucci,0000-0001-8054-4304,no_tide,75.0,,1,,,,,,,sediment corer,So SOP1,used a multicorer 2 cores collected (4.5 cm diameter); the upper 5 cm mixed and subsampled in the tubes,2024-04-11,freezer #2 EMI; lower compartment; rack #5d III (see scheme in technical support EMI),-80,Raffaella Casotti,0000-0002-9876-4601,,,,,,,,,,,
EMOBON_NRMCB_So_87,EMOBON_NRMCB_So_20240411_micro_2,EMOBON metagenome sediment sample from station NRMCB collected on 2023-10-23 community collected micro,412755,marine sediment metagenome,metagenome,sediment [ENVO:00002007],2024-04-11,NRMCB_So_240411,Carmen Minucci,0000-0001-8054-4304,no_tide,75.0,,2,,,,,,,sediment corer,So SOP1,used a multicorer 2 cores collected (4.5 cm diameter); the upper 5 cm mixed and subsampled in the tubes,2024-04-11,freezer #2 EMI; lower compartment; rack #5d III (see scheme in technical support EMI),-80,Raffaella Casotti,0000-0002-9876-4601,,,,,,,,,,,
EMOBON_NRMCB_So_88,EMOBON_NRMCB_So_20240411_micro_3,EMOBON metagenome sediment sample from station NRMCB collected on 2023-10-23 community collected micro,412755,marine sediment metagenome,metagenome,sediment [ENVO:00002007],2024-04-11,NRMCB_So_240411,Carmen Minucci,0000-0001-8054-4304,no_tide,75.0,,3,,,,,,,sediment corer,So SOP1,used a multicorer 2 cores collected (4.5 cm diameter); the upper 5 cm mixed and subsampled in the tubes,2024-04-11,freezer #2 EMI; lower compartment; rack #5d III (see scheme in technical support EMI),-80,Raffaella Casotti,0000-0002-9876-4601,,,,,,,,,,,
EMOBON_NRMCB_So_89,EMOBON_NRMCB_SO_20240411_micro_4,EMOBON metagenome sediment sample from station NRMCB collected on 2023-10-23 community collected micro,412755,marine sediment metagenome,metagenome,sediment [ENVO:00002007],2024-04-11,NRMCB_So_240411,Carmen Minucci,0000-0001-8054-4304,no_tide,75.0,,4,,,,,,,sediment corer,So SOP1,used a multicorer 2 cores collected (4.5 cm diameter); the upper 5 cm mixed and subsampled in the tubes,2024-04-11,freezer #2 EMI; lower compartment; rack #5d III (see scheme in technical support EMI),-80,Raffaella Casotti,0000-0002-9876-4601,,,,,,,,,,,
EMOBON_NRMCB_So_90,EMOBON_NRMCB_So_20240411_micro_blank,EMOBON metagenome sediment sample from station NRMCB collected on 2023-10-23 community collected micro,256318,metagenome,metagenome,sediment [ENVO:00002007],2024-04-11,NRMCB_So_240411,Carmen Minucci,0000-0001-8054-4304,no_tide,,,blank_1,,,,,,,,,YES DNA SHield,2024-07-16,freezer #2 EMI; lower compartment; rack #5d III (see scheme in technical support EMI),-80,Raffaella Casotti,0000-0002-9876-4601,,,,,,,,,,,
EMOBON_NRMCB_So_91,EMOBON_NRMCB_So_20240716_micro_1,EMOBON metagenome sediment sample from station NRMCB collected on 2023-10-23 community collected micro,412755,marine sediment metagenome,metagenome,sediment [ENVO:00002007],2024-07-16,NRMCB_So_240716,Eugenia Tramontin,0009-0000-9228-7886,no_tide,75.0,,1,,,,,,,sediment corer,So SOP1,used a multicorer 1 cores collected (4.5 cm diameter); the upper 5 cm mixed and subsampled in the tubes,2024-07-16,freezer #2 EMI; lower compartment; rack #5d III (see scheme in technical support EMI),-80,Raffaella Casotti,0000-0002-9876-4601,,,,,,,,,,,
EMOBON_NRMCB_So_92,EMOBON_NRMCB_So_20240716_micro_2,EMOBON metagenome sediment sample from station NRMCB collected on 2023-10-23 community collected micro,412755,marine sediment metagenome,metagenome,sediment [ENVO:00002007],2024-07-16,NRMCB_So_240716,Eugenia Tramontin,0009-0000-9228-7886,no_tide,75.0,,2,,,,,,,sediment corer,So SOP1,used a multicorer 1 cores collected (4.5 cm diameter); the upper 5 cm mixed and subsampled in the tubes,2024-07-16,freezer #2 EMI; lower compartment; rack #5d III (see scheme in technical support EMI),-80,Raffaella Casotti,0000-0002-9876-4601,,,,,,,,,,,
EMOBON_NRMCB_So_93,EMOBON_NRMCB_So_20240716_micro_3,EMOBON metagenome sediment sample from station NRMCB collected on 2023-10-23 community collected micro,412755,marine sediment metagenome,metagenome,sediment [ENVO:00002007],2024-07-16,NRMCB_So_240716,Eugenia Tramontin,0009-0000-9228-7886,no_tide,75.0,,3,,,,,,,sediment corer,So SOP1,used a multicorer 1 cores collected (4.5 cm diameter); the upper 5 cm mixed and subsampled in the tubes,2024-07-16,freezer #2 EMI; lower compartment; rack #5d III (see scheme in technical support EMI),-80,Raffaella Casotti,0000-0002-9876-4601,,,,,,,,,,,
EMOBON_NRMCB_So_94,EMOBON_NRMCB_So_20240716_micro_4,EMOBON metagenome sediment sample from station NRMCB collected on 2023-10-23 community collected micro,412755,marine sediment metagenome,metagenome,sediment [ENVO:00002007],2024-07-16,NRMCB_So_240716,Eugenia Tramontin,0009-0000-9228-7886,no_tide,75.0,,4,,,,,,,sediment corer,So SOP1,used a multicorer 1 cores collected (4.5 cm diameter); the upper 5 cm mixed and subsampled in the tubes,2024-07-16,freezer #2 EMI; lower compartment; rack #5d III (see scheme in technical support EMI),-80,Raffaella Casotti,0000-0002-9876-4601,,,,,,,,,,,
EMOBON_NRMCB_So_95,EMOBON_NRMCB_So_20240716_micro_blank,EMOBON metagenome sediment sample from station NRMCB collected on 2023-10-23 community collected micro,256318,metagenome,metagenome,sediment [ENVO:00002007],2024-07-16,NRMCB_So_240716,Eugenia Tramontin,0009-0000-9228-7886,no_tide,,,blank_1,,,,,,,,,YES DNA SHield,2024-07-16,freezer #2 EMI; lower compartment; rack #5d III (see scheme in technical support EMI),-80,Raffaella Casotti,0000-0002-9876-4601,,,,,,,,,,,
