source_mat_id,arr_date_hq,arr_date_seq,collection_date,depth,env_material,failure,failure_comment,investigation_type,long_store,membr_cut,replicate,samp_collect_device,samp_description,samp_mat_process,samp_mat_process_dev,samp_size_vol,samp_store_date,samp_store_loc,samp_store_temp,sampl_person,sampling_event,ship_date,ship_date_seq,size_frac,size_frac_low,size_frac_up,source_mat_id_orig,store_person,store_temp_hq,tax_id,time_fi,noteworthy_env_cond,other_person,other_person_orcid,sampl_person_orcid,store_person_orcid,tidal_stage
EMOBON_ESC68N_Wa_1,2021-10-14,2021-11-24,2021-08-30,2,seawater [ENVO:00002149]; coastal sea water [ENVO:00002150]; surface water [ENVO:00002042],F,,metagenome,N,Y,1,Niskin,EMOBON metagenome water sample from station ESC68N collected on 2021-08-30 size fraction 3-200um,WaSOP1,,10,2021-08-30,eDNA freezer bag,-80.0,Kristel Berg,ESC68N_Wa_210830,2021-10-08,2021-11-24,3-200,3.0,200,EMO BON ESC68N Wa 210830 3um 1,Kristel Berg,-70.0,1874687,fi,,,,,,no_tide
EMOBON_ESC68N_Wa_2,2021-10-14,2021-11-24,2021-08-30,2,seawater [ENVO:00002149]; coastal sea water [ENVO:00002150]; surface water [ENVO:00002042],F,,metagenome,N,Y,2,Niskin,EMOBON metagenome water sample from station ESC68N collected on 2021-08-30 size fraction 3-200um,WaSOP1,,10,2021-08-30,eDNA freezer bag,-80.0,Kristel Berg,ESC68N_Wa_210830,2021-10-08,2021-11-24,3-200,3.0,200,EMO BON ESC68N Wa 210830 3um 2,Kristel Berg,-70.0,1874687,fi,,,,,,no_tide
EMOBON_ESC68N_Wa_3,2021-10-14,2021-11-24,2021-08-30,2,seawater [ENVO:00002149]; coastal sea water [ENVO:00002150]; surface water [ENVO:00002042],F,,metagenome,N,Y,1,Niskin,EMOBON metagenome water sample from station ESC68N collected on 2021-08-30 size fraction 0.2-3um,WaSOP1,,10,2021-08-30,eDNA freezer bag,-80.0,Kristel Berg,ESC68N_Wa_210830,2021-10-08,2021-11-24,0.2-3,0.2,3,EMO BON ESC68N Wa 210830 0.2um 1,Kristel Berg,-70.0,1874687,fi,,,,,,no_tide
EMOBON_ESC68N_Wa_4,2021-10-14,2021-11-24,2021-08-30,2,seawater [ENVO:00002149]; coastal sea water [ENVO:00002150]; surface water [ENVO:00002042],F,,metagenome,N,Y,2,Niskin,EMOBON metagenome water sample from station ESC68N collected on 2021-08-30 size fraction 0.2-3um,WaSOP1,,10,2021-08-30,eDNA freezer bag,-80.0,Kristel Berg,ESC68N_Wa_210830,2021-10-08,2021-11-24,0.2-3,0.2,3,EMO BON ESC68N Wa 210830 0.2um 2,Kristel Berg,-70.0,1874687,fi,,,,,,no_tide
EMOBON_ESC68N_Wa_5,,,2021-08-30,2,seawater [ENVO:00002149]; coastal sea water [ENVO:00002150]; surface water [ENVO:00002042],,,metagenome,Y,Y,3,Niskin,EMOBON metagenome water sample from station ESC68N collected on 2021-08-30 size fraction 3-200um,WaSOP1,,10,2021-08-30,eDNA freezer bag,-80.0,Kristel Berg,ESC68N_Wa_210830,,,3-200,3.0,200,EMO BON ESC68N Wa 210830 3um 3,Kristel Berg,,1874687,fi,,,,,,no_tide
EMOBON_ESC68N_Wa_6,,,2021-08-30,2,seawater [ENVO:00002149]; coastal sea water [ENVO:00002150]; surface water [ENVO:00002042],,,metagenome,Y,Y,4,Niskin,EMOBON metagenome water sample from station ESC68N collected on 2021-08-30 size fraction 3-200um,WaSOP1,,10,2021-08-30,eDNA freezer bag,-80.0,Kristel Berg,ESC68N_Wa_210830,,,3-200,3.0,200,EMO BON ESC68N Wa 210830 3um 4,Kristel Berg,,1874687,fi,,,,,,no_tide
EMOBON_ESC68N_Wa_7,,,2021-08-30,2,seawater [ENVO:00002149]; coastal sea water [ENVO:00002150]; surface water [ENVO:00002042],,,metagenome,Y,Y,3,Niskin,EMOBON metagenome water sample from station ESC68N collected on 2021-08-30 size fraction 0.2-3um,WaSOP1,,10,2021-08-30,eDNA freezer bag,-80.0,Kristel Berg,ESC68N_Wa_210830,,,0.2-3,0.2,3,EMO BON ESC68N Wa 210830 0.2um 3,Kristel Berg,,1874687,fi,,,,,,no_tide
EMOBON_ESC68N_Wa_8,,,2021-08-30,2,seawater [ENVO:00002149]; coastal sea water [ENVO:00002150]; surface water [ENVO:00002042],,,metagenome,Y,Y,4,Niskin,EMOBON metagenome water sample from station ESC68N collected on 2021-08-30 size fraction 0.2-3um,WaSOP1,,10,2021-08-30,eDNA freezer bag,-80.0,Kristel Berg,ESC68N_Wa_210830,,,0.2-3,0.2,3,EMO BON ESC68N Wa 210830 0.2um 4,Kristel Berg,,1874687,fi,,,,,,no_tide
EMOBON_ESC68N_Wa_9,,,2021-08-30,2,seawater [ENVO:00002149]; coastal sea water [ENVO:00002150]; surface water [ENVO:00002042],,,metagenome,Y,Y,blank_1,Niskin,EMOBON metagenome water sample from station ESC68N collected on 2021-08-30 size fraction 3-200um,WaSOP1,,10,2021-08-30,eDNA freezer bag,-80.0,Kristel Berg,ESC68N_Wa_210830,,,3-200,3.0,200,EMO BON ESC68N Wa 210830 3um blank,Kristel Berg,,256318,fi,,,,,,no_tide
EMOBON_ESC68N_Wa_10,,,2021-08-30,2,seawater [ENVO:00002149]; coastal sea water [ENVO:00002150]; surface water [ENVO:00002042],,,metagenome,Y,Y,blank_1,Niskin,EMOBON metagenome water sample from station ESC68N collected on 2021-08-30 size fraction 0.2-3um,WaSOP1,,10,2021-08-30,eDNA freezer bag,-80.0,Kristel Berg,ESC68N_Wa_210830,,,0.2-3,0.2,3,EMO BON ESC68N Wa 210830 0.2um blank,Kristel Berg,,256318,fi,,,,,,no_tide
EMOBON_ESC68N_Wa_11,2022-01-22,2022-02-23,2021-11-04,2,seawater [ENVO:00002149]; coastal sea water [ENVO:00002150]; surface water [ENVO:00002042],F,,metagenome,N,Y,1,Niskin,EMOBON metagenome water sample from station ESC68N collected on 2021-11-04 size fraction 3-200um,WaSOP1,,10,2021-11-05,eDNA freezer bag,-80.0,Kristel Berg,ESC68N_Wa_211104,2022-01-17,2022-02-22,3-200,3.0,200,EMO BON ESC68N Wa 211104 3um 1,Kristel Berg,-70.0,1874687,fi,,,,,,no_tide
EMOBON_ESC68N_Wa_12,2022-01-22,2022-02-23,2021-11-04,2,seawater [ENVO:00002149]; coastal sea water [ENVO:00002150]; surface water [ENVO:00002042],T,low yields; seq library prep failed twice,metagenome,N,Y,2,Niskin,EMOBON metagenome water sample from station ESC68N collected on 2021-11-04 size fraction 3-200um,WaSOP1,,10,2021-11-05,eDNA freezer bag,-80.0,Kristel Berg,ESC68N_Wa_211104,2022-01-17,2022-02-22,3-200,3.0,200,EMO BON ESC68N Wa 211104 3um 2,Kristel Berg,-70.0,1874687,fi,,,,,,no_tide
EMOBON_ESC68N_Wa_13,2022-01-22,2022-02-23,2021-11-04,2,seawater [ENVO:00002149]; coastal sea water [ENVO:00002150]; surface water [ENVO:00002042],T,non-quantifiable DNA after extraction,metagenome,N,Y,1,Niskin,EMOBON metagenome water sample from station ESC68N collected on 2021-11-04 size fraction 0.2-3um,WaSOP1,,10,2021-11-05,eDNA freezer bag,-80.0,Kristel Berg,ESC68N_Wa_211104,2022-01-17,2022-02-22,0.2-3,0.2,3,EMO BON ESC68N Wa 211104 0.2um 1,Kristel Berg,-70.0,1874687,fi,,,,,,no_tide
EMOBON_ESC68N_Wa_14,2022-01-22,2022-02-23,2021-11-04,2,seawater [ENVO:00002149]; coastal sea water [ENVO:00002150]; surface water [ENVO:00002042],F,,metagenome,N,Y,2,Niskin,EMOBON metagenome water sample from station ESC68N collected on 2021-11-04 size fraction 0.2-3um,WaSOP1,,10,2021-11-05,eDNA freezer bag,-80.0,Kristel Berg,ESC68N_Wa_211104,2022-01-17,2022-02-22,0.2-3,0.2,3,EMO BON ESC68N Wa 211104 0.2um 2,Kristel Berg,-70.0,1874687,fi,,,,,,no_tide
EMOBON_ESC68N_Wa_15,,,2021-08-30,2,seawater [ENVO:00002149]; coastal sea water [ENVO:00002150]; surface water [ENVO:00002042],,,metagenome,Y,Y,3,Niskin,EMOBON metagenome water sample from station ESC68N collected on 2021-08-30 size fraction 3-200um,WaSOP1,,10,2021-11-05,eDNA freezer bag,-80.0,Kristel Berg,ESC68N_Wa_210830,,,3-200,3.0,200,EMO BON ESC68N Wa 211104 3um 3,Kristel Berg,,1874687,fi,,,,,,no_tide
EMOBON_ESC68N_Wa_16,,,2021-08-30,2,seawater [ENVO:00002149]; coastal sea water [ENVO:00002150]; surface water [ENVO:00002042],,,metagenome,Y,Y,4,Niskin,EMOBON metagenome water sample from station ESC68N collected on 2021-08-30 size fraction 3-200um,WaSOP1,,10,2021-11-05,eDNA freezer bag,-80.0,Kristel Berg,ESC68N_Wa_210830,,,3-200,3.0,200,EMO BON ESC68N Wa 211104 3um 4,Kristel Berg,,1874687,fi,,,,,,no_tide
EMOBON_ESC68N_Wa_17,,,2021-08-30,2,seawater [ENVO:00002149]; coastal sea water [ENVO:00002150]; surface water [ENVO:00002042],,,metagenome,Y,Y,3,Niskin,EMOBON metagenome water sample from station ESC68N collected on 2021-08-30 size fraction 0.2-3um,WaSOP1,,10,2021-11-05,eDNA freezer bag,-80.0,Kristel Berg,ESC68N_Wa_210830,,,0.2-3,0.2,3,EMO BON ESC68N Wa 211104 0.2um 3,Kristel Berg,,1874687,fi,,,,,,no_tide
EMOBON_ESC68N_Wa_18,,,2021-08-30,2,seawater [ENVO:00002149]; coastal sea water [ENVO:00002150]; surface water [ENVO:00002042],,,metagenome,Y,Y,4,Niskin,EMOBON metagenome water sample from station ESC68N collected on 2021-08-30 size fraction 0.2-3um,WaSOP1,,10,2021-11-05,eDNA freezer bag,-80.0,Kristel Berg,ESC68N_Wa_210830,,,0.2-3,0.2,3,EMO BON ESC68N Wa 211104 0.2um 4,Kristel Berg,,1874687,fi,,,,,,no_tide
EMOBON_ESC68N_Wa_19,2022-01-22,2022-02-23,2021-11-04,2,seawater [ENVO:00002149]; coastal sea water [ENVO:00002150]; surface water [ENVO:00002042],T,blank; non-quantifiable DNA after extraction,metagenome,N,Y,blank_1,Niskin,EMOBON metagenome water sample from station ESC68N collected on 2021-11-04 size fraction 3-200um,WaSOP1,,10,2021-11-05,eDNA freezer bag,-80.0,Kristel Berg,ESC68N_Wa_211104,2022-01-17,2022-02-22,3-200,3.0,200,EMO BON ESC68N Wa 211104 3um blank,Kristel Berg,-70.0,256318,fi,,,,,,no_tide
EMOBON_ESC68N_Wa_20,2022-01-22,2022-02-23,2021-11-04,2,seawater [ENVO:00002149]; coastal sea water [ENVO:00002150]; surface water [ENVO:00002042],T,blank; non-quantifiable DNA after extraction,metagenome,N,Y,blank_1,Niskin,EMOBON metagenome water sample from station ESC68N collected on 2021-11-04 size fraction 0.2-3um,WaSOP1,,10,2021-11-05,eDNA freezer bag,-80.0,Kristel Berg,ESC68N_Wa_211104,2022-01-17,2022-02-22,0.2-3,0.2,3,EMO BON ESC68N Wa 211104 0.2um blank,Kristel Berg,-70.0,256318,fi,,,,,,no_tide
EMOBON_ESC68N_Wa_21,2022-01-22,2022-02-23,2021-12-15,2,seawater [ENVO:00002149]; coastal sea water [ENVO:00002150]; surface water [ENVO:00002042],T,non-quantifiable DNA after extraction,metagenome,N,Y,1,Niskin,EMOBON metagenome water sample from station ESC68N collected on 2021-12-15 size fraction 3-200um,WaSOP1,,10,2021-12-15,eDNA freezer bag,-80.0,Kristel Berg,ESC68N_Wa_211215,2022-01-17,2022-02-22,3-200,3.0,200,EMO BON ESC68N Wa 211215 3um 1,Kristel Berg,-70.0,1874687,fi,,,,,,no_tide
EMOBON_ESC68N_Wa_22,2022-01-22,2022-02-23,2021-12-15,2,seawater [ENVO:00002149]; coastal sea water [ENVO:00002150]; surface water [ENVO:00002042],T,non-quantifiable DNA after extraction,metagenome,N,Y,2,Niskin,EMOBON metagenome water sample from station ESC68N collected on 2021-12-15 size fraction 3-200um,WaSOP1,,10,2021-12-15,eDNA freezer bag,-80.0,Kristel Berg,ESC68N_Wa_211215,2022-01-17,2022-02-22,3-200,3.0,200,EMO BON ESC68N Wa 211215 3um 2,Kristel Berg,-70.0,1874687,fi,,,,,,no_tide
EMOBON_ESC68N_Wa_23,2022-01-22,2022-02-23,2021-12-15,2,seawater [ENVO:00002149]; coastal sea water [ENVO:00002150]; surface water [ENVO:00002042],T,non-quantifiable DNA after extraction,metagenome,N,Y,1,Niskin,EMOBON metagenome water sample from station ESC68N collected on 2021-12-15 size fraction 0.2-3um,WaSOP1,,10,2021-12-15,eDNA freezer bag,-80.0,Kristel Berg,ESC68N_Wa_211215,2022-01-17,2022-02-22,0.2-3,0.2,3,EMO BON ESC68N Wa 211215 0.2um 1,Kristel Berg,-70.0,1874687,fi,,,,,,no_tide
EMOBON_ESC68N_Wa_24,2022-01-22,2022-02-23,2021-12-15,2,seawater [ENVO:00002149]; coastal sea water [ENVO:00002150]; surface water [ENVO:00002042],T,non-quantifiable DNA after extraction,metagenome,N,Y,2,Niskin,EMOBON metagenome water sample from station ESC68N collected on 2021-12-15 size fraction 0.2-3um,WaSOP1,,10,2021-12-15,eDNA freezer bag,-80.0,Kristel Berg,ESC68N_Wa_211215,2022-01-17,2022-02-22,0.2-3,0.2,3,EMO BON ESC68N Wa 211215 0.2um 2,Kristel Berg,-70.0,1874687,fi,,,,,,no_tide
EMOBON_ESC68N_Wa_25,,,2021-12-15,2,seawater [ENVO:00002149]; coastal sea water [ENVO:00002150]; surface water [ENVO:00002042],,,metagenome,Y,Y,3,Niskin,EMOBON metagenome water sample from station ESC68N collected on 2021-12-15 size fraction 3-200um,WaSOP1,,10,2021-12-15,eDNA freezer bag,-80.0,Kristel Berg,ESC68N_Wa_211215,,,3-200,3.0,200,EMO BON ESC68N Wa 211215 3um 3,Kristel Berg,,1874687,fi,,,,,,no_tide
EMOBON_ESC68N_Wa_26,,,2021-12-15,2,seawater [ENVO:00002149]; coastal sea water [ENVO:00002150]; surface water [ENVO:00002042],,,metagenome,Y,Y,4,Niskin,EMOBON metagenome water sample from station ESC68N collected on 2021-12-15 size fraction 3-200um,WaSOP1,,10,2021-12-15,eDNA freezer bag,-80.0,Kristel Berg,ESC68N_Wa_211215,,,3-200,3.0,200,EMO BON ESC68N Wa 211215 3um 4,Kristel Berg,,1874687,fi,,,,,,no_tide
EMOBON_ESC68N_Wa_27,,,2021-12-15,2,seawater [ENVO:00002149]; coastal sea water [ENVO:00002150]; surface water [ENVO:00002042],,,metagenome,Y,Y,3,Niskin,EMOBON metagenome water sample from station ESC68N collected on 2021-12-15 size fraction 0.2-3um,WaSOP1,,10,2021-12-15,eDNA freezer bag,-80.0,Kristel Berg,ESC68N_Wa_211215,,,0.2-3,0.2,3,EMO BON ESC68N Wa 211215 0.2um 3,Kristel Berg,,1874687,fi,,,,,,no_tide
EMOBON_ESC68N_Wa_28,,,2021-12-15,2,seawater [ENVO:00002149]; coastal sea water [ENVO:00002150]; surface water [ENVO:00002042],,,metagenome,Y,Y,4,Niskin,EMOBON metagenome water sample from station ESC68N collected on 2021-12-15 size fraction 0.2-3um,WaSOP1,,10,2021-12-15,eDNA freezer bag,-80.0,Kristel Berg,ESC68N_Wa_211215,,,0.2-3,0.2,3,EMO BON ESC68N Wa 211215 0.2um 4,Kristel Berg,,1874687,fi,,,,,,no_tide
EMOBON_ESC68N_Wa_29,,,2021-12-15,2,seawater [ENVO:00002149]; coastal sea water [ENVO:00002150]; surface water [ENVO:00002042],,,metagenome,Y,Y,blank_1,Niskin,EMOBON metagenome water sample from station ESC68N collected on 2021-12-15 size fraction 3-200um,WaSOP1,,10,2021-12-15,eDNA freezer bag,-80.0,Kristel Berg,ESC68N_Wa_211215,,,3-200,3.0,200,EMO BON ESC68N Wa 211215 3um blank,Kristel Berg,,256318,fi,,,,,,no_tide
EMOBON_ESC68N_Wa_30,,,2021-12-15,2,seawater [ENVO:00002149]; coastal sea water [ENVO:00002150]; surface water [ENVO:00002042],,,metagenome,Y,Y,blank_1,Niskin,EMOBON metagenome water sample from station ESC68N collected on 2021-12-15 size fraction 0.2-3um,WaSOP1,,10,2021-12-15,eDNA freezer bag,-80.0,Kristel Berg,ESC68N_Wa_211215,,,0.2-3,0.2,3,EMO BON ESC68N Wa 211215 0.2um blank,Kristel Berg,,256318,fi,,,,,,no_tide
EMOBON_ESC68N_Wa_31,2022-10-12,2023-06-01,2022-02-09,2,seawater [ENVO:00002149]; coastal sea water [ENVO:00002150]; surface water [ENVO:00002042],,,metagenome,N,Y,1,Niskin,EMOBON metagenome water sample from station ESC68N collected on 2022-02-09 size fraction 3-200um,WaSOP1,,10,2022-02-09,eDNA freezer bag,-80.0,Kristel Berg,ESC68N_Wa_220209,2022-10-10,2023-06-01,3-200,3.0,200,EMO BON ESC68N Wa 220209 3um 1,Kristel Berg,-70.0,1874687,fi,,,,,,no_tide
EMOBON_ESC68N_Wa_32,2022-10-12,2023-06-01,2022-02-09,2,seawater [ENVO:00002149]; coastal sea water [ENVO:00002150]; surface water [ENVO:00002042],,,metagenome,N,Y,2,Niskin,EMOBON metagenome water sample from station ESC68N collected on 2022-02-09 size fraction 3-200um,WaSOP1,,10,2022-02-09,eDNA freezer bag,-80.0,Kristel Berg,ESC68N_Wa_220209,2022-10-10,2023-06-01,3-200,3.0,200,EMO BON ESC68N Wa 220209 3um 2,Kristel Berg,-70.0,1874687,fi,,,,,,no_tide
EMOBON_ESC68N_Wa_33,2022-10-12,2023-06-01,2022-02-09,2,seawater [ENVO:00002149]; coastal sea water [ENVO:00002150]; surface water [ENVO:00002042],,,metagenome,N,Y,1,Niskin,EMOBON metagenome water sample from station ESC68N collected on 2022-02-09 size fraction 0.2-3um,WaSOP1,,10,2022-02-09,eDNA freezer bag,-80.0,Kristel Berg,ESC68N_Wa_220209,2022-10-10,2023-06-01,0.2-3,0.2,3,EMO BON ESC68N Wa 220209 0.2um 1,Kristel Berg,-70.0,1874687,fi,,,,,,no_tide
EMOBON_ESC68N_Wa_34,2022-10-12,2023-06-01,2022-02-09,2,seawater [ENVO:00002149]; coastal sea water [ENVO:00002150]; surface water [ENVO:00002042],,,metagenome,N,Y,2,Niskin,EMOBON metagenome water sample from station ESC68N collected on 2022-02-09 size fraction 0.2-3um,WaSOP1,,10,2022-02-09,eDNA freezer bag,-80.0,Kristel Berg,ESC68N_Wa_220209,2022-10-10,2023-06-01,0.2-3,0.2,3,EMO BON ESC68N Wa 220209 0.2um 2,Kristel Berg,-70.0,1874687,fi,,,,,,no_tide
EMOBON_ESC68N_Wa_35,,,2022-02-09,2,seawater [ENVO:00002149]; coastal sea water [ENVO:00002150]; surface water [ENVO:00002042],,,metagenome,Y,Y,3,Niskin,EMOBON metagenome water sample from station ESC68N collected on 2022-02-09 size fraction 3-200um,WaSOP1,,10,2022-02-09,eDNA freezer bag,-80.0,Kristel Berg,ESC68N_Wa_220209,,,3-200,3.0,200,EMO BON ESC68N Wa 220209 3um 3,Kristel Berg,,1874687,fi,,,,,,no_tide
EMOBON_ESC68N_Wa_36,,,2022-02-09,2,seawater [ENVO:00002149]; coastal sea water [ENVO:00002150]; surface water [ENVO:00002042],,,metagenome,Y,Y,4,Niskin,EMOBON metagenome water sample from station ESC68N collected on 2022-02-09 size fraction 3-200um,WaSOP1,,10,2022-02-09,eDNA freezer bag,-80.0,Kristel Berg,ESC68N_Wa_220209,,,3-200,3.0,200,EMO BON ESC68N Wa 220209 3um 4,Kristel Berg,,1874687,fi,,,,,,no_tide
EMOBON_ESC68N_Wa_37,,,2022-02-09,2,seawater [ENVO:00002149]; coastal sea water [ENVO:00002150]; surface water [ENVO:00002042],,,metagenome,Y,Y,3,Niskin,EMOBON metagenome water sample from station ESC68N collected on 2022-02-09 size fraction 0.2-3um,WaSOP1,,10,2022-02-09,eDNA freezer bag,-80.0,Kristel Berg,ESC68N_Wa_220209,,,0.2-3,0.2,3,EMO BON ESC68N Wa 220209 0.2um 3,Kristel Berg,,1874687,fi,,,,,,no_tide
EMOBON_ESC68N_Wa_38,,,2022-02-09,2,seawater [ENVO:00002149]; coastal sea water [ENVO:00002150]; surface water [ENVO:00002042],,,metagenome,Y,Y,4,Niskin,EMOBON metagenome water sample from station ESC68N collected on 2022-02-09 size fraction 0.2-3um,WaSOP1,,10,2022-02-09,eDNA freezer bag,-80.0,Kristel Berg,ESC68N_Wa_220209,,,0.2-3,0.2,3,EMO BON ESC68N Wa 220209 0.2um 4,Kristel Berg,,1874687,fi,,,,,,no_tide
EMOBON_ESC68N_Wa_39,,,2022-02-09,2,seawater [ENVO:00002149]; coastal sea water [ENVO:00002150]; surface water [ENVO:00002042],,,metagenome,Y,Y,blank_1,Niskin,EMOBON metagenome water sample from station ESC68N collected on 2022-02-09 size fraction 3-200um,WaSOP1,,10,2022-02-09,eDNA freezer bag,-80.0,Kristel Berg,ESC68N_Wa_220209,,,3-200,3.0,200,EMO BON ESC68N Wa 220209 3um blank,Kristel Berg,,256318,fi,,,,,,no_tide
EMOBON_ESC68N_Wa_40,,,2022-02-09,2,seawater [ENVO:00002149]; coastal sea water [ENVO:00002150]; surface water [ENVO:00002042],,,metagenome,Y,Y,blank_1,Niskin,EMOBON metagenome water sample from station ESC68N collected on 2022-02-09 size fraction 0.2-3um,WaSOP1,,10,2022-02-09,eDNA freezer bag,-80.0,Kristel Berg,ESC68N_Wa_220209,,,0.2-3,0.2,3,EMO BON ESC68N Wa 220209 0.2um blank,Kristel Berg,,256318,fi,,,,,,no_tide
EMOBON_ESC68N_Wa_41,2022-10-12,2023-06-01,2022-05-05,2,seawater [ENVO:00002149]; coastal sea water [ENVO:00002150]; surface water [ENVO:00002042],,,metagenome,N,Y,1,Niskin,EMOBON metagenome water sample from station ESC68N collected on 2022-05-05 size fraction 3-200um,WaSOP1,,10,2022-05-06,eDNA freezer bag,-80.0,Kristel Berg,ESC68N_Wa_220505,2022-10-10,2023-06-01,3-200,3.0,200,EMO BON ESC68N Wa 220505 3um 1,Kristel Berg,-70.0,1874687,fi,,,,,,no_tide
EMOBON_ESC68N_Wa_42,2022-10-12,2023-06-01,2022-05-05,2,seawater [ENVO:00002149]; coastal sea water [ENVO:00002150]; surface water [ENVO:00002042],,,metagenome,N,Y,2,Niskin,EMOBON metagenome water sample from station ESC68N collected on 2022-05-05 size fraction 3-200um,WaSOP1,,10,2022-05-06,eDNA freezer bag,-80.0,Kristel Berg,ESC68N_Wa_220505,2022-10-10,2023-06-01,3-200,3.0,200,EMO BON ESC68N Wa 220505 3um 2,Kristel Berg,-70.0,1874687,fi,,,,,,no_tide
EMOBON_ESC68N_Wa_43,2022-10-12,2023-06-01,2022-05-05,2,seawater [ENVO:00002149]; coastal sea water [ENVO:00002150]; surface water [ENVO:00002042],,,metagenome,N,Y,1,Niskin,EMOBON metagenome water sample from station ESC68N collected on 2022-05-05 size fraction 0.2-3um,WaSOP1,,10,2022-05-06,eDNA freezer bag,-80.0,Kristel Berg,ESC68N_Wa_220505,2022-10-10,2023-06-01,0.2-3,0.2,3,EMO BON ESC68N Wa 220505 0.2um 1,Kristel Berg,-70.0,1874687,fi,,,,,,no_tide
EMOBON_ESC68N_Wa_44,2022-10-12,2023-06-01,2022-05-05,2,seawater [ENVO:00002149]; coastal sea water [ENVO:00002150]; surface water [ENVO:00002042],,,metagenome,N,Y,2,Niskin,EMOBON metagenome water sample from station ESC68N collected on 2022-05-05 size fraction 0.2-3um,WaSOP1,,10,2022-05-06,eDNA freezer bag,-80.0,Kristel Berg,ESC68N_Wa_220505,2022-10-10,2023-06-01,0.2-3,0.2,3,EMO BON ESC68N Wa 220505 0.2um 2,Kristel Berg,-70.0,1874687,fi,,,,,,no_tide
EMOBON_ESC68N_Wa_45,,,2022-05-05,2,seawater [ENVO:00002149]; coastal sea water [ENVO:00002150]; surface water [ENVO:00002042],,,metagenome,Y,Y,3,Niskin,EMOBON metagenome water sample from station ESC68N collected on 2022-05-05 size fraction 3-200um,WaSOP1,,10,2022-05-06,eDNA freezer bag,-80.0,Kristel Berg,ESC68N_Wa_220505,,,3-200,3.0,200,EMO BON ESC68N Wa 220505 3um 3,Kristel Berg,,1874687,fi,,,,,,no_tide
EMOBON_ESC68N_Wa_46,,,2022-05-05,2,seawater [ENVO:00002149]; coastal sea water [ENVO:00002150]; surface water [ENVO:00002042],,,metagenome,Y,Y,4,Niskin,EMOBON metagenome water sample from station ESC68N collected on 2022-05-05 size fraction 3-200um,WaSOP1,,10,2022-05-06,eDNA freezer bag,-80.0,Kristel Berg,ESC68N_Wa_220505,,,3-200,3.0,200,EMO BON ESC68N Wa 220505 3um 4,Kristel Berg,,1874687,fi,,,,,,no_tide
EMOBON_ESC68N_Wa_47,,,2022-05-05,2,seawater [ENVO:00002149]; coastal sea water [ENVO:00002150]; surface water [ENVO:00002042],,,metagenome,Y,Y,3,Niskin,EMOBON metagenome water sample from station ESC68N collected on 2022-05-05 size fraction 0.2-3um,WaSOP1,,10,2022-05-06,eDNA freezer bag,-80.0,Kristel Berg,ESC68N_Wa_220505,,,0.2-3,0.2,3,EMO BON ESC68N Wa 220505 0.2um 3,Kristel Berg,,1874687,fi,,,,,,no_tide
EMOBON_ESC68N_Wa_48,,,2022-05-05,2,seawater [ENVO:00002149]; coastal sea water [ENVO:00002150]; surface water [ENVO:00002042],,,metagenome,Y,Y,4,Niskin,EMOBON metagenome water sample from station ESC68N collected on 2022-05-05 size fraction 0.2-3um,WaSOP1,,10,2022-05-06,eDNA freezer bag,-80.0,Kristel Berg,ESC68N_Wa_220505,,,0.2-3,0.2,3,EMO BON ESC68N Wa 220505 0.2um 4,Kristel Berg,,1874687,fi,,,,,,no_tide
EMOBON_ESC68N_Wa_49,,,2022-05-05,2,seawater [ENVO:00002149]; coastal sea water [ENVO:00002150]; surface water [ENVO:00002042],,,metagenome,Y,Y,blank_1,Niskin,EMOBON metagenome water sample from station ESC68N collected on 2022-05-05 size fraction 3-200um,WaSOP1,,10,2022-05-06,eDNA freezer bag,-80.0,Kristel Berg,ESC68N_Wa_220505,,,3-200,3.0,200,EMO BON ESC68N Wa 220505 3um blank,Kristel Berg,,256318,fi,,,,,,no_tide
EMOBON_ESC68N_Wa_50,,,2022-05-05,2,seawater [ENVO:00002149]; coastal sea water [ENVO:00002150]; surface water [ENVO:00002042],,,metagenome,Y,Y,blank_1,Niskin,EMOBON metagenome water sample from station ESC68N collected on 2022-05-05 size fraction 0.2-3um,WaSOP1,,10,2022-05-06,eDNA freezer bag,-80.0,Kristel Berg,ESC68N_Wa_220505,,,0.2-3,0.2,3,EMO BON ESC68N Wa 220505 0.2um blank,Kristel Berg,,256318,fi,,,,,,no_tide
EMOBON_ESC68N_Wa_51,2022-10-12,2023-06-01,2022-06-14,2,seawater [ENVO:00002149]; coastal sea water [ENVO:00002150]; surface water [ENVO:00002042],,,metagenome,N,Y,1,Niskin,EMOBON metagenome water sample from station ESC68N collected on 2022-06-14 size fraction 3-200um,WaSOP1,,10,2022-06-15,eDNA freezer bag,-80.0,Kristel Berg,ESC68N_Wa_220614,2022-10-10,2023-06-01,3-200,3.0,200,EMO BON ESC68N Wa 220614 3um 1,Kristel Berg,-70.0,1874687,fi,,,,,,no_tide
EMOBON_ESC68N_Wa_52,2022-10-12,2023-06-01,2022-06-14,2,seawater [ENVO:00002149]; coastal sea water [ENVO:00002150]; surface water [ENVO:00002042],,,metagenome,N,Y,2,Niskin,EMOBON metagenome water sample from station ESC68N collected on 2022-06-14 size fraction 3-200um,WaSOP1,,10,2022-06-15,eDNA freezer bag,-80.0,Kristel Berg,ESC68N_Wa_220614,2022-10-10,2023-06-01,3-200,3.0,200,EMO BON ESC68N Wa 220614 3um 2,Kristel Berg,-70.0,1874687,fi,,,,,,no_tide
EMOBON_ESC68N_Wa_53,2022-10-12,2023-06-01,2022-06-14,2,seawater [ENVO:00002149]; coastal sea water [ENVO:00002150]; surface water [ENVO:00002042],,,metagenome,N,Y,1,Niskin,EMOBON metagenome water sample from station ESC68N collected on 2022-06-14 size fraction 0.2-3um,WaSOP1,,10,2022-06-15,eDNA freezer bag,-80.0,Kristel Berg,ESC68N_Wa_220614,2022-10-10,2023-06-01,0.2-3,0.2,3,EMO BON ESC68N Wa 220614 0.2um 1,Kristel Berg,-70.0,1874687,fi,,,,,,no_tide
EMOBON_ESC68N_Wa_54,2022-10-12,2023-06-01,2022-06-14,2,seawater [ENVO:00002149]; coastal sea water [ENVO:00002150]; surface water [ENVO:00002042],,,metagenome,N,Y,2,Niskin,EMOBON metagenome water sample from station ESC68N collected on 2022-06-14 size fraction 0.2-3um,WaSOP1,,10,2022-06-15,eDNA freezer bag,-80.0,Kristel Berg,ESC68N_Wa_220614,2022-10-10,2023-06-01,0.2-3,0.2,3,EMO BON ESC68N Wa 220614 0.2um 2,Kristel Berg,-70.0,1874687,fi,,,,,,no_tide
EMOBON_ESC68N_Wa_55,,,2022-06-14,2,seawater [ENVO:00002149]; coastal sea water [ENVO:00002150]; surface water [ENVO:00002042],,,metagenome,Y,Y,3,Niskin,EMOBON metagenome water sample from station ESC68N collected on 2022-06-14 size fraction 3-200um,WaSOP1,,10,2022-06-15,eDNA freezer bag,-80.0,Kristel Berg,ESC68N_Wa_220614,,,3-200,3.0,200,EMO BON ESC68N Wa 220614 3um 3,Kristel Berg,,1874687,fi,,,,,,no_tide
EMOBON_ESC68N_Wa_56,,,2022-06-14,2,seawater [ENVO:00002149]; coastal sea water [ENVO:00002150]; surface water [ENVO:00002042],,,metagenome,Y,Y,4,Niskin,EMOBON metagenome water sample from station ESC68N collected on 2022-06-14 size fraction 3-200um,WaSOP1,,10,2022-06-15,eDNA freezer bag,-80.0,Kristel Berg,ESC68N_Wa_220614,,,3-200,3.0,200,EMO BON ESC68N Wa 220614 3um 4,Kristel Berg,,1874687,fi,,,,,,no_tide
EMOBON_ESC68N_Wa_57,,,2022-06-14,2,seawater [ENVO:00002149]; coastal sea water [ENVO:00002150]; surface water [ENVO:00002042],,,metagenome,Y,Y,3,Niskin,EMOBON metagenome water sample from station ESC68N collected on 2022-06-14 size fraction 0.2-3um,WaSOP1,,10,2022-06-15,eDNA freezer bag,-80.0,Kristel Berg,ESC68N_Wa_220614,,,0.2-3,0.2,3,EMO BON ESC68N Wa 220614 0.2um 3,Kristel Berg,,1874687,fi,,,,,,no_tide
EMOBON_ESC68N_Wa_58,,,2022-06-14,2,seawater [ENVO:00002149]; coastal sea water [ENVO:00002150]; surface water [ENVO:00002042],,,metagenome,Y,Y,4,Niskin,EMOBON metagenome water sample from station ESC68N collected on 2022-06-14 size fraction 0.2-3um,WaSOP1,,10,2022-06-15,eDNA freezer bag,-80.0,Kristel Berg,ESC68N_Wa_220614,,,0.2-3,0.2,3,EMO BON ESC68N Wa 220614 0.2um 4,Kristel Berg,,1874687,fi,,,,,,no_tide
EMOBON_ESC68N_Wa_59,,,2022-06-14,2,seawater [ENVO:00002149]; coastal sea water [ENVO:00002150]; surface water [ENVO:00002042],,,metagenome,Y,Y,blank_1,Niskin,EMOBON metagenome water sample from station ESC68N collected on 2022-06-14 size fraction 3-200um,WaSOP1,,10,2022-06-15,eDNA freezer bag,-80.0,Kristel Berg,ESC68N_Wa_220614,,,3-200,3.0,200,EMO BON ESC68N Wa 220614 3um blank,Kristel Berg,,256318,fi,,,,,,no_tide
EMOBON_ESC68N_Wa_60,,,2022-06-14,2,seawater [ENVO:00002149]; coastal sea water [ENVO:00002150]; surface water [ENVO:00002042],,,metagenome,Y,Y,blank_1,Niskin,EMOBON metagenome water sample from station ESC68N collected on 2022-06-14 size fraction 0.2-3um,WaSOP1,,10,2022-06-15,eDNA freezer bag,-80.0,Kristel Berg,ESC68N_Wa_220614,,,0.2-3,0.2,3,EMO BON ESC68N Wa 220614 0.2um blank,Kristel Berg,,256318,fi,,,,,,no_tide
EMOBON_ESC68N_Wa_61,2022-10-12,2023-06-01,2022-08-24,2,seawater [ENVO:00002149]; coastal sea water [ENVO:00002150]; surface water [ENVO:00002042],,,metagenome,N,Y,1,Niskin,EMOBON metagenome water sample from station ESC68N collected on 2022-08-24 size fraction 3-200um,WaSOP1,,10,2022-08-24,eDNA freezer bag,-80.0,Kristel Berg,ESC68N_Wa_220824,2022-10-10,2023-06-01,3-200,3.0,200,EMO BON ESC68N Wa 220824 3um 1,Kristel Berg,-70.0,1874687,fi,,,,,,no_tide
EMOBON_ESC68N_Wa_62,2022-10-12,2023-06-01,2022-08-24,2,seawater [ENVO:00002149]; coastal sea water [ENVO:00002150]; surface water [ENVO:00002042],,,metagenome,N,Y,2,Niskin,EMOBON metagenome water sample from station ESC68N collected on 2022-08-24 size fraction 3-200um,WaSOP1,,10,2022-08-24,eDNA freezer bag,-80.0,Kristel Berg,ESC68N_Wa_220824,2022-10-10,2023-06-01,3-200,3.0,200,EMO BON ESC68N Wa 220824 3um 2,Kristel Berg,-70.0,1874687,fi,,,,,,no_tide
EMOBON_ESC68N_Wa_63,2022-10-12,2023-06-01,2022-08-24,2,seawater [ENVO:00002149]; coastal sea water [ENVO:00002150]; surface water [ENVO:00002042],,,metagenome,N,Y,1,Niskin,EMOBON metagenome water sample from station ESC68N collected on 2022-08-24 size fraction 0.2-3um,WaSOP1,,10,2022-08-24,eDNA freezer bag,-80.0,Kristel Berg,ESC68N_Wa_220824,2022-10-10,2023-06-01,0.2-3,0.2,3,EMO BON ESC68N Wa 220824 0.2um 1,Kristel Berg,-70.0,1874687,fi,,,,,,no_tide
EMOBON_ESC68N_Wa_64,2022-10-12,2023-06-01,2022-08-24,2,seawater [ENVO:00002149]; coastal sea water [ENVO:00002150]; surface water [ENVO:00002042],,,metagenome,N,Y,2,Niskin,EMOBON metagenome water sample from station ESC68N collected on 2022-08-24 size fraction 0.2-3um,WaSOP1,,10,2022-08-24,eDNA freezer bag,-80.0,Kristel Berg,ESC68N_Wa_220824,2022-10-10,2023-06-01,0.2-3,0.2,3,EMO BON ESC68N Wa 220824 0.2um 2,Kristel Berg,-70.0,1874687,fi,,,,,,no_tide
EMOBON_ESC68N_Wa_65,,,2022-08-24,2,seawater [ENVO:00002149]; coastal sea water [ENVO:00002150]; surface water [ENVO:00002042],,,metagenome,Y,Y,3,Niskin,EMOBON metagenome water sample from station ESC68N collected on 2022-08-24 size fraction 3-200um,WaSOP1,,10,2022-08-24,eDNA freezer bag,-80.0,Kristel Berg,ESC68N_Wa_220824,,,3-200,3.0,200,EMO BON ESC68N Wa 220824 3um 3,Kristel Berg,,1874687,fi,,,,,,no_tide
EMOBON_ESC68N_Wa_66,,,2022-08-24,2,seawater [ENVO:00002149]; coastal sea water [ENVO:00002150]; surface water [ENVO:00002042],,,metagenome,Y,Y,4,Niskin,EMOBON metagenome water sample from station ESC68N collected on 2022-08-24 size fraction 3-200um,WaSOP1,,10,2022-08-24,eDNA freezer bag,-80.0,Kristel Berg,ESC68N_Wa_220824,,,3-200,3.0,200,EMO BON ESC68N Wa 220824 3um 4,Kristel Berg,,1874687,fi,,,,,,no_tide
EMOBON_ESC68N_Wa_67,,,2022-08-24,2,seawater [ENVO:00002149]; coastal sea water [ENVO:00002150]; surface water [ENVO:00002042],,,metagenome,Y,Y,3,Niskin,EMOBON metagenome water sample from station ESC68N collected on 2022-08-24 size fraction 0.2-3um,WaSOP1,,10,2022-08-24,eDNA freezer bag,-80.0,Kristel Berg,ESC68N_Wa_220824,,,0.2-3,0.2,3,EMO BON ESC68N Wa 220824 0.2um 3,Kristel Berg,,1874687,fi,,,,,,no_tide
EMOBON_ESC68N_Wa_68,,,2022-08-24,2,seawater [ENVO:00002149]; coastal sea water [ENVO:00002150]; surface water [ENVO:00002042],,,metagenome,Y,Y,4,Niskin,EMOBON metagenome water sample from station ESC68N collected on 2022-08-24 size fraction 0.2-3um,WaSOP1,,10,2022-08-24,eDNA freezer bag,-80.0,Kristel Berg,ESC68N_Wa_220824,,,0.2-3,0.2,3,EMO BON ESC68N Wa 220824 0.2um 4,Kristel Berg,,1874687,fi,,,,,,no_tide
EMOBON_ESC68N_Wa_69,,,2022-08-24,2,seawater [ENVO:00002149]; coastal sea water [ENVO:00002150]; surface water [ENVO:00002042],,,metagenome,Y,Y,blank_1,Niskin,EMOBON metagenome water sample from station ESC68N collected on 2022-08-24 size fraction 3-200um,WaSOP1,,10,2022-08-24,eDNA freezer bag,-80.0,Kristel Berg,ESC68N_Wa_220824,,,3-200,3.0,200,EMO BON ESC68N Wa 220824 3um blank,Kristel Berg,,256318,fi,,,,,,no_tide
EMOBON_ESC68N_Wa_70,,,2022-08-24,2,seawater [ENVO:00002149]; coastal sea water [ENVO:00002150]; surface water [ENVO:00002042],,,metagenome,Y,Y,blank_1,Niskin,EMOBON metagenome water sample from station ESC68N collected on 2022-08-24 size fraction 0.2-3um,WaSOP1,,10,2022-08-24,eDNA freezer bag,-80.0,Kristel Berg,ESC68N_Wa_220824,,,0.2-3,0.2,3,EMO BON ESC68N Wa 220824 0.2um blank,Kristel Berg,,256318,fi,,,,,,no_tide
EMOBON_ESC68N_Wa_71,2023-06-14,,2022-12-01,2,seawater [ENVO:00002149]; coastal sea water [ENVO:00002150]; surface water [ENVO:00002042],,,metagenome,N,Y,1,Niskin,EMOBON metagenome water sample from station ESC68N collected on 2022-12-01 size fraction 3-200um,WaSOP1,,10,2022-12-02,eDNA freezer bag,-80.0,Kristel Berg,ESC68N_Wa_221201,2023-06-12,,3-200,3.0,200,EMO BON ESC68N Wa 221201 3um 1,Kristel Berg,-70.0,1874687,fi,,,,,,no_tide
EMOBON_ESC68N_Wa_72,2023-06-14,,2022-12-01,2,seawater [ENVO:00002149]; coastal sea water [ENVO:00002150]; surface water [ENVO:00002042],,,metagenome,N,Y,2,Niskin,EMOBON metagenome water sample from station ESC68N collected on 2022-12-01 size fraction 3-200um,WaSOP1,,10,2022-12-02,eDNA freezer bag,-80.0,Kristel Berg,ESC68N_Wa_221201,2023-06-12,,3-200,3.0,200,EMO BON ESC68N Wa 221201 3um 2,Kristel Berg,-70.0,1874687,fi,,,,,,no_tide
EMOBON_ESC68N_Wa_73,2023-06-14,,2022-12-01,2,seawater [ENVO:00002149]; coastal sea water [ENVO:00002150]; surface water [ENVO:00002042],,,metagenome,N,Y,1,Niskin,EMOBON metagenome water sample from station ESC68N collected on 2022-12-01 size fraction 0.2-3um,WaSOP1,,10,2022-12-02,eDNA freezer bag,-80.0,Kristel Berg,ESC68N_Wa_221201,2023-06-12,,0.2-3,0.2,3,EMO BON ESC68N Wa 221201 0.2um 1,Kristel Berg,-70.0,1874687,fi,,,,,,no_tide
EMOBON_ESC68N_Wa_74,2023-06-14,,2022-12-01,2,seawater [ENVO:00002149]; coastal sea water [ENVO:00002150]; surface water [ENVO:00002042],,,metagenome,N,Y,2,Niskin,EMOBON metagenome water sample from station ESC68N collected on 2022-12-01 size fraction 0.2-3um,WaSOP1,,10,2022-12-02,eDNA freezer bag,-80.0,Kristel Berg,ESC68N_Wa_221201,2023-06-12,,0.2-3,0.2,3,EMO BON ESC68N Wa 221201 0.2um 2,Kristel Berg,-70.0,1874687,fi,,,,,,no_tide
EMOBON_ESC68N_Wa_75,,,2022-12-01,2,seawater [ENVO:00002149]; coastal sea water [ENVO:00002150]; surface water [ENVO:00002042],,,metagenome,Y,Y,3,Niskin,EMOBON metagenome water sample from station ESC68N collected on 2022-12-01 size fraction 3-200um,WaSOP1,,10,2022-12-02,eDNA freezer bag,-80.0,Kristel Berg,ESC68N_Wa_221201,,,3-200,3.0,200,EMO BON ESC68N Wa 221201 3um 3,Kristel Berg,,1874687,fi,,,,,,no_tide
EMOBON_ESC68N_Wa_76,,,2022-12-01,2,seawater [ENVO:00002149]; coastal sea water [ENVO:00002150]; surface water [ENVO:00002042],,,metagenome,Y,Y,4,Niskin,EMOBON metagenome water sample from station ESC68N collected on 2022-12-01 size fraction 3-200um,WaSOP1,,10,2022-12-02,eDNA freezer bag,-80.0,Kristel Berg,ESC68N_Wa_221201,,,3-200,3.0,200,EMO BON ESC68N Wa 221201 3um 4,Kristel Berg,,1874687,fi,,,,,,no_tide
EMOBON_ESC68N_Wa_77,,,2022-12-01,2,seawater [ENVO:00002149]; coastal sea water [ENVO:00002150]; surface water [ENVO:00002042],,,metagenome,Y,Y,3,Niskin,EMOBON metagenome water sample from station ESC68N collected on 2022-12-01 size fraction 0.2-3um,WaSOP1,,10,2022-12-02,eDNA freezer bag,-80.0,Kristel Berg,ESC68N_Wa_221201,,,0.2-3,0.2,3,EMO BON ESC68N Wa 221201 0.2um 3,Kristel Berg,,1874687,fi,,,,,,no_tide
EMOBON_ESC68N_Wa_78,,,2022-12-01,2,seawater [ENVO:00002149]; coastal sea water [ENVO:00002150]; surface water [ENVO:00002042],,,metagenome,Y,Y,4,Niskin,EMOBON metagenome water sample from station ESC68N collected on 2022-12-01 size fraction 0.2-3um,WaSOP1,,10,2022-12-02,eDNA freezer bag,-80.0,Kristel Berg,ESC68N_Wa_221201,,,0.2-3,0.2,3,EMO BON ESC68N Wa 221201 0.2um 4,Kristel Berg,,1874687,fi,,,,,,no_tide
EMOBON_ESC68N_Wa_79,,,2022-12-01,2,seawater [ENVO:00002149]; coastal sea water [ENVO:00002150]; surface water [ENVO:00002042],,,metagenome,Y,Y,blank_1,Niskin,EMOBON metagenome water sample from station ESC68N collected on 2022-12-01 size fraction 3-200um,WaSOP1,,10,2022-12-02,eDNA freezer bag,-80.0,Kristel Berg,ESC68N_Wa_221201,,,3-200,3.0,200,EMO BON ESC68N Wa 221201 3um blank,Kristel Berg,,256318,fi,,,,,,no_tide
EMOBON_ESC68N_Wa_80,,,2022-12-01,2,seawater [ENVO:00002149]; coastal sea water [ENVO:00002150]; surface water [ENVO:00002042],,,metagenome,Y,Y,blank_1,Niskin,EMOBON metagenome water sample from station ESC68N collected on 2022-12-01 size fraction 0.2-3um,WaSOP1,,10,2022-12-02,eDNA freezer bag,-80.0,Kristel Berg,ESC68N_Wa_221201,,,0.2-3,0.2,3,EMO BON ESC68N Wa 221201 0.2um blank,Kristel Berg,,256318,fi,,,,,,no_tide
EMOBON_ESC68N_Wa_81,2023-06-14,,2023-05-04,2,seawater [ENVO:00002149]; coastal sea water [ENVO:00002150]; surface water [ENVO:00002042],,,metagenome,N,Y,1,Niskin,EMOBON metagenome water sample from station ESC68N collected on 2023-05-04 size fraction 3-200um,WaSOP1,,10,2023-05-05,eDNA freezer bag,-80.0,Kristel Berg,ESC68N_Wa_230504,2023-06-12,,3-200,3.0,200,EMO BON ESC68N Wa 230504 3um 1,Kristel Berg,-70.0,1874687,fi,,,,,,no_tide
EMOBON_ESC68N_Wa_82,2023-06-14,,2023-05-04,2,seawater [ENVO:00002149]; coastal sea water [ENVO:00002150]; surface water [ENVO:00002042],,,metagenome,N,Y,2,Niskin,EMOBON metagenome water sample from station ESC68N collected on 2023-05-04 size fraction 3-200um,WaSOP1,,10,2023-05-05,eDNA freezer bag,-80.0,Kristel Berg,ESC68N_Wa_230504,2023-06-12,,3-200,3.0,200,EMO BON ESC68N Wa 230504 3um 2,Kristel Berg,-70.0,1874687,fi,,,,,,no_tide
EMOBON_ESC68N_Wa_83,2023-06-14,,2023-05-04,2,seawater [ENVO:00002149]; coastal sea water [ENVO:00002150]; surface water [ENVO:00002042],,,metagenome,N,Y,1,Niskin,EMOBON metagenome water sample from station ESC68N collected on 2023-05-04 size fraction 0.2-3um,WaSOP1,,10,2023-05-05,eDNA freezer bag,-80.0,Kristel Berg,ESC68N_Wa_230504,2023-06-12,,0.2-3,0.2,3,EMO BON ESC68N Wa 230504 0.2um 1,Kristel Berg,-70.0,1874687,fi,,,,,,no_tide
EMOBON_ESC68N_Wa_84,2023-06-14,,2023-05-04,2,seawater [ENVO:00002149]; coastal sea water [ENVO:00002150]; surface water [ENVO:00002042],,,metagenome,N,Y,2,Niskin,EMOBON metagenome water sample from station ESC68N collected on 2023-05-04 size fraction 0.2-3um,WaSOP1,,10,2023-05-05,eDNA freezer bag,-80.0,Kristel Berg,ESC68N_Wa_230504,2023-06-12,,0.2-3,0.2,3,EMO BON ESC68N Wa 230504 0.2um 2,Kristel Berg,-70.0,1874687,fi,,,,,,no_tide
EMOBON_ESC68N_Wa_85,,,2023-05-04,2,seawater [ENVO:00002149]; coastal sea water [ENVO:00002150]; surface water [ENVO:00002042],,,metagenome,Y,Y,3,Niskin,EMOBON metagenome water sample from station ESC68N collected on 2023-05-04 size fraction 3-200um,WaSOP1,,10,2023-05-05,eDNA freezer bag,-80.0,Kristel Berg,ESC68N_Wa_230504,,,3-200,3.0,200,EMO BON ESC68N Wa 230504 3um 3,Kristel Berg,,1874687,fi,,,,,,no_tide
EMOBON_ESC68N_Wa_86,,,2023-05-04,2,seawater [ENVO:00002149]; coastal sea water [ENVO:00002150]; surface water [ENVO:00002042],,,metagenome,Y,Y,4,Niskin,EMOBON metagenome water sample from station ESC68N collected on 2023-05-04 size fraction 3-200um,WaSOP1,,10,2023-05-05,eDNA freezer bag,-80.0,Kristel Berg,ESC68N_Wa_230504,,,3-200,3.0,200,EMO BON ESC68N Wa 230504 3um 4,Kristel Berg,,1874687,fi,,,,,,no_tide
EMOBON_ESC68N_Wa_87,,,2023-05-04,2,seawater [ENVO:00002149]; coastal sea water [ENVO:00002150]; surface water [ENVO:00002042],,,metagenome,Y,Y,3,Niskin,EMOBON metagenome water sample from station ESC68N collected on 2023-05-04 size fraction 0.2-3um,WaSOP1,,10,2023-05-05,eDNA freezer bag,-80.0,Kristel Berg,ESC68N_Wa_230504,,,0.2-3,0.2,3,EMO BON ESC68N Wa 230504 0.2um 3,Kristel Berg,,1874687,fi,,,,,,no_tide
EMOBON_ESC68N_Wa_88,,,2023-05-04,2,seawater [ENVO:00002149]; coastal sea water [ENVO:00002150]; surface water [ENVO:00002042],,,metagenome,Y,Y,4,Niskin,EMOBON metagenome water sample from station ESC68N collected on 2023-05-04 size fraction 0.2-3um,WaSOP1,,10,2023-05-05,eDNA freezer bag,-80.0,Kristel Berg,ESC68N_Wa_230504,,,0.2-3,0.2,3,EMO BON ESC68N Wa 230504 0.2um 4,Kristel Berg,,1874687,fi,,,,,,no_tide
EMOBON_ESC68N_Wa_89,,,2023-05-04,2,seawater [ENVO:00002149]; coastal sea water [ENVO:00002150]; surface water [ENVO:00002042],,,metagenome,Y,Y,blank_1,Niskin,EMOBON metagenome water sample from station ESC68N collected on 2023-05-04 size fraction 3-200um,WaSOP1,,10,2023-05-05,eDNA freezer bag,-80.0,Kristel Berg,ESC68N_Wa_230504,,,3-200,3.0,200,EMO BON ESC68N Wa 230504 3um blank,Kristel Berg,,256318,fi,,,,,,no_tide
EMOBON_ESC68N_Wa_90,,,2023-05-04,2,seawater [ENVO:00002149]; coastal sea water [ENVO:00002150]; surface water [ENVO:00002042],,,metagenome,Y,Y,blank_1,Niskin,EMOBON metagenome water sample from station ESC68N collected on 2023-05-04 size fraction 0.2-3um,WaSOP1,,10,2023-05-05,eDNA freezer bag,-80.0,Kristel Berg,ESC68N_Wa_230504,,,0.2-3,0.2,3,EMO BON ESC68N Wa 230504 0.2um blank,Kristel Berg,,256318,fi,,,,,,no_tide
EMOBON_ESC68N_Wa_91,2023-09-22,,2023-06-15,2,seawater [ENVO:00002149]; coastal sea water [ENVO:00002150]; surface water [ENVO:00002042],,,metagenome,,Y,1,Niskin,EMOBON metagenome water sample from station ESC68N collected on 2023-06-15 size fraction 3-200um,WaSOP1,,10,2023-06-16,eDNA freezer bag,,Kristel Berg,ESC68N_Wa_230615,2023-09-18,,3-200,3.0,200,EMO BON ESC68N Wa 230615 3um 1,,-70.0,1874687,fi,,,,,,no_tide
EMOBON_ESC68N_Wa_92,2023-09-22,,2023-06-15,2,seawater [ENVO:00002149]; coastal sea water [ENVO:00002150]; surface water [ENVO:00002042],,,metagenome,,Y,2,Niskin,EMOBON metagenome water sample from station ESC68N collected on 2023-06-15 size fraction 3-200um,WaSOP1,,10,2023-06-16,eDNA freezer bag,,Kristel Berg,ESC68N_Wa_230615,2023-09-18,,3-200,3.0,200,EMO BON ESC68N Wa 230615 3um 2,,-70.0,1874687,fi,,,,,,no_tide
EMOBON_ESC68N_Wa_93,2023-09-22,,2023-06-15,2,seawater [ENVO:00002149]; coastal sea water [ENVO:00002150]; surface water [ENVO:00002042],,,metagenome,,Y,1,Niskin,EMOBON metagenome water sample from station ESC68N collected on 2023-06-15 size fraction 0.2-3um,WaSOP1,,10,2023-06-16,eDNA freezer bag,,Kristel Berg,ESC68N_Wa_230615,2023-09-18,,0.2-3,0.2,3,EMO BON ESC68N Wa 230615 0.2um 1,,-70.0,1874687,fi,,,,,,no_tide
EMOBON_ESC68N_Wa_94,2023-09-22,,2023-06-15,2,seawater [ENVO:00002149]; coastal sea water [ENVO:00002150]; surface water [ENVO:00002042],,,metagenome,,Y,2,Niskin,EMOBON metagenome water sample from station ESC68N collected on 2023-06-15 size fraction 0.2-3um,WaSOP1,,10,2023-06-16,eDNA freezer bag,,Kristel Berg,ESC68N_Wa_230615,2023-09-18,,0.2-3,0.2,3,EMO BON ESC68N Wa 230615 0.2um 2,,-70.0,1874687,fi,,,,,,no_tide
EMOBON_ESC68N_Wa_95,,,2023-06-15,2,seawater [ENVO:00002149]; coastal sea water [ENVO:00002150]; surface water [ENVO:00002042],,,metagenome,,Y,3,Niskin,EMOBON metagenome water sample from station ESC68N collected on 2023-06-15 size fraction 3-200um,WaSOP1,,10,2023-06-16,eDNA freezer bag,,Kristel Berg,ESC68N_Wa_230615,,,3-200,3.0,200,EMO BON ESC68N Wa 230615 3um 3,,,1874687,fi,,,,,,no_tide
EMOBON_ESC68N_Wa_96,,,2023-06-15,2,seawater [ENVO:00002149]; coastal sea water [ENVO:00002150]; surface water [ENVO:00002042],,,metagenome,,Y,4,Niskin,EMOBON metagenome water sample from station ESC68N collected on 2023-06-15 size fraction 3-200um,WaSOP1,,10,2023-06-16,eDNA freezer bag,,Kristel Berg,ESC68N_Wa_230615,,,3-200,3.0,200,EMO BON ESC68N Wa 230615 3um 4,,,1874687,fi,,,,,,no_tide
EMOBON_ESC68N_Wa_97,,,2023-06-15,2,seawater [ENVO:00002149]; coastal sea water [ENVO:00002150]; surface water [ENVO:00002042],,,metagenome,,Y,3,Niskin,EMOBON metagenome water sample from station ESC68N collected on 2023-06-15 size fraction 0.2-3um,WaSOP1,,10,2023-06-16,eDNA freezer bag,,Kristel Berg,ESC68N_Wa_230615,,,0.2-3,0.2,3,EMO BON ESC68N Wa 230615 0.2um 3,,,1874687,fi,,,,,,no_tide
EMOBON_ESC68N_Wa_98,,,2023-06-15,2,seawater [ENVO:00002149]; coastal sea water [ENVO:00002150]; surface water [ENVO:00002042],,,metagenome,,Y,4,Niskin,EMOBON metagenome water sample from station ESC68N collected on 2023-06-15 size fraction 0.2-3um,WaSOP1,,10,2023-06-16,eDNA freezer bag,,Kristel Berg,ESC68N_Wa_230615,,,0.2-3,0.2,3,EMO BON ESC68N Wa 230615 0.2um 4,,,1874687,fi,,,,,,no_tide
EMOBON_ESC68N_Wa_99,2023-09-22,,2023-06-15,2,seawater [ENVO:00002149]; coastal sea water [ENVO:00002150]; surface water [ENVO:00002042],,,metagenome,,Y,blank_1,Niskin,EMOBON metagenome water sample from station ESC68N collected on 2023-06-15 size fraction 3-200um,WaSOP1,,10,2023-06-16,eDNA freezer bag,,Kristel Berg,ESC68N_Wa_230615,2023-09-18,,3-200,3.0,200,EMO BON ESC68N Wa 230615 3um blank,,-70.0,256318,fi,,,,,,no_tide
EMOBON_ESC68N_Wa_100,2023-09-22,,2023-06-15,2,seawater [ENVO:00002149]; coastal sea water [ENVO:00002150]; surface water [ENVO:00002042],,,metagenome,,Y,blank_1,Niskin,EMOBON metagenome water sample from station ESC68N collected on 2023-06-15 size fraction 0.2-3um,WaSOP1,,10,2023-06-16,eDNA freezer bag,,Kristel Berg,ESC68N_Wa_230615,2023-09-18,,0.2-3,0.2,3,EMO BON ESC68N Wa 230615 0.2um blank,,-70.0,256318,fi,,,,,,no_tide
EMOBON_ESC68N_Wa_101,2023-09-22,,2023-09-06,2,seawater [ENVO:00002149]; coastal sea water [ENVO:00002150]; surface water [ENVO:00002042],,,metagenome,,Y,1,Niskin,EMOBON metagenome water sample from station ESC68N collected on 2023-09-06 size fraction 3-200um,WaSOP1,,10,2023-09-07,eDNA freezer bag,,Kristel Berg,ESC68N_Wa_230906,2023-09-18,,3-200,3.0,200,EMO BON ESC68N Wa 230906 3um 1,,-70.0,1874687,fi,,,,,,no_tide
EMOBON_ESC68N_Wa_102,2023-09-22,,2023-09-06,2,seawater [ENVO:00002149]; coastal sea water [ENVO:00002150]; surface water [ENVO:00002042],,,metagenome,,Y,2,Niskin,EMOBON metagenome water sample from station ESC68N collected on 2023-09-06 size fraction 3-200um,WaSOP1,,10,2023-09-07,eDNA freezer bag,,Kristel Berg,ESC68N_Wa_230906,2023-09-18,,3-200,3.0,200,EMO BON ESC68N Wa 230906 3um 2,,-70.0,1874687,fi,,,,,,no_tide
EMOBON_ESC68N_Wa_103,2023-09-22,,2023-09-06,2,seawater [ENVO:00002149]; coastal sea water [ENVO:00002150]; surface water [ENVO:00002042],,,metagenome,,Y,1,Niskin,EMOBON metagenome water sample from station ESC68N collected on 2023-09-06 size fraction 0.2-3um,WaSOP1,,10,2023-09-07,eDNA freezer bag,,Kristel Berg,ESC68N_Wa_230906,2023-09-18,,0.2-3,0.2,3,EMO BON ESC68N Wa 230906 0.2um 1,,-70.0,1874687,fi,,,,,,no_tide
EMOBON_ESC68N_Wa_104,2023-09-22,,2023-09-06,2,seawater [ENVO:00002149]; coastal sea water [ENVO:00002150]; surface water [ENVO:00002042],,,metagenome,,Y,2,Niskin,EMOBON metagenome water sample from station ESC68N collected on 2023-09-06 size fraction 0.2-3um,WaSOP1,,10,2023-09-07,eDNA freezer bag,,Kristel Berg,ESC68N_Wa_230906,2023-09-18,,0.2-3,0.2,3,EMO BON ESC68N Wa 230906 0.2um 2,,-70.0,1874687,fi,,,,,,no_tide
EMOBON_ESC68N_Wa_105,,,2023-09-06,2,seawater [ENVO:00002149]; coastal sea water [ENVO:00002150]; surface water [ENVO:00002042],,,metagenome,,Y,3,Niskin,EMOBON metagenome water sample from station ESC68N collected on 2023-09-06 size fraction 3-200um,WaSOP1,,10,2023-09-07,eDNA freezer bag,,Kristel Berg,ESC68N_Wa_230906,,,3-200,3.0,200,EMO BON ESC68N Wa 230906 3um 3,,,1874687,fi,,,,,,no_tide
EMOBON_ESC68N_Wa_106,,,2023-09-06,2,seawater [ENVO:00002149]; coastal sea water [ENVO:00002150]; surface water [ENVO:00002042],,,metagenome,,Y,4,Niskin,EMOBON metagenome water sample from station ESC68N collected on 2023-09-06 size fraction 3-200um,WaSOP1,,10,2023-09-07,eDNA freezer bag,,Kristel Berg,ESC68N_Wa_230906,,,3-200,3.0,200,EMO BON ESC68N Wa 230906 3um 4,,,1874687,fi,,,,,,no_tide
EMOBON_ESC68N_Wa_107,,,2023-09-06,2,seawater [ENVO:00002149]; coastal sea water [ENVO:00002150]; surface water [ENVO:00002042],,,metagenome,,Y,3,Niskin,EMOBON metagenome water sample from station ESC68N collected on 2023-09-06 size fraction 0.2-3um,WaSOP1,,10,2023-09-07,eDNA freezer bag,,Kristel Berg,ESC68N_Wa_230906,,,0.2-3,0.2,3,EMO BON ESC68N Wa 230906 0.2um 3,,,1874687,fi,,,,,,no_tide
EMOBON_ESC68N_Wa_108,,,2023-09-06,2,seawater [ENVO:00002149]; coastal sea water [ENVO:00002150]; surface water [ENVO:00002042],,,metagenome,,Y,4,Niskin,EMOBON metagenome water sample from station ESC68N collected on 2023-09-06 size fraction 0.2-3um,WaSOP1,,10,2023-09-07,eDNA freezer bag,,Kristel Berg,ESC68N_Wa_230906,,,0.2-3,0.2,3,EMO BON ESC68N Wa 230906 0.2um 4,,,1874687,fi,,,,,,no_tide
EMOBON_ESC68N_Wa_109,,,2023-09-06,2,seawater [ENVO:00002149]; coastal sea water [ENVO:00002150]; surface water [ENVO:00002042],,,metagenome,,Y,blank_1,Niskin,EMOBON metagenome water sample from station ESC68N collected on 2023-09-06 size fraction 3-200um,WaSOP1,,10,2023-09-07,eDNA freezer bag,,Kristel Berg,ESC68N_Wa_230906,,,3-200,3.0,200,EMO BON ESC68N Wa 230906 3um blank,,,256318,fi,,,,,,no_tide
EMOBON_ESC68N_Wa_110,,,2023-09-06,2,seawater [ENVO:00002149]; coastal sea water [ENVO:00002150]; surface water [ENVO:00002042],,,metagenome,,Y,blank_1,Niskin,EMOBON metagenome water sample from station ESC68N collected on 2023-09-06 size fraction 0.2-3um,WaSOP1,,10,2023-09-07,eDNA freezer bag,,Kristel Berg,ESC68N_Wa_230906,,,0.2-3,0.2,3,EMO BON ESC68N Wa 230906 0.2um blank,,,256318,fi,,,,,,no_tide
EMOBON_ESC68N_Wa_111,,,2023-10-31,2,seawater [ENVO:00002149]; coastal sea water [ENVO:00002150]; surface water [ENVO:00002042],,,metagenome,,Y,1,Niskin,EMOBON metagenome water sample from station ESC68N collected on 2023-10-31 size fraction 3-200um,WaSOP1,,10,2023-11-01,eDNA freezer bag,,Kristel Berg,ESC68N_Wa_231031,,,3-200,3.0,200,EMO BON ESC68N Wa 231031 3um 1,,,1874687,fi,,,,,,no_tide
EMOBON_ESC68N_Wa_112,,,2023-10-31,2,seawater [ENVO:00002149]; coastal sea water [ENVO:00002150]; surface water [ENVO:00002042],,,metagenome,,Y,2,Niskin,EMOBON metagenome water sample from station ESC68N collected on 2023-10-31 size fraction 3-200um,WaSOP1,,10,2023-11-01,eDNA freezer bag,,Kristel Berg,ESC68N_Wa_231031,,,3-200,3.0,200,EMO BON ESC68N Wa 231031 3um 2,,,1874687,fi,,,,,,no_tide
EMOBON_ESC68N_Wa_113,,,2023-10-31,2,seawater [ENVO:00002149]; coastal sea water [ENVO:00002150]; surface water [ENVO:00002042],,,metagenome,,Y,1,Niskin,EMOBON metagenome water sample from station ESC68N collected on 2023-10-31 size fraction 0.2-3um,WaSOP1,,10,2023-11-01,eDNA freezer bag,,Kristel Berg,ESC68N_Wa_231031,,,0.2-3,0.2,3,EMO BON ESC68N Wa 231031 0.2um 1,,,1874687,fi,,,,,,no_tide
EMOBON_ESC68N_Wa_114,,,2023-10-31,2,seawater [ENVO:00002149]; coastal sea water [ENVO:00002150]; surface water [ENVO:00002042],,,metagenome,,Y,2,Niskin,EMOBON metagenome water sample from station ESC68N collected on 2023-10-31 size fraction 0.2-3um,WaSOP1,,10,2023-11-01,eDNA freezer bag,,Kristel Berg,ESC68N_Wa_231031,,,0.2-3,0.2,3,EMO BON ESC68N Wa 231031 0.2um 2,,,1874687,fi,,,,,,no_tide
EMOBON_ESC68N_Wa_115,,,2023-10-31,2,seawater [ENVO:00002149]; coastal sea water [ENVO:00002150]; surface water [ENVO:00002042],,,metagenome,,Y,3,Niskin,EMOBON metagenome water sample from station ESC68N collected on 2023-10-31 size fraction 3-200um,WaSOP1,,10,2023-11-01,eDNA freezer bag,,Kristel Berg,ESC68N_Wa_231031,,,3-200,3.0,200,EMO BON ESC68N Wa 231031 3um 3,,,1874687,fi,,,,,,no_tide
EMOBON_ESC68N_Wa_116,,,2023-10-31,2,seawater [ENVO:00002149]; coastal sea water [ENVO:00002150]; surface water [ENVO:00002042],,,metagenome,,Y,4,Niskin,EMOBON metagenome water sample from station ESC68N collected on 2023-10-31 size fraction 3-200um,WaSOP1,,10,2023-11-01,eDNA freezer bag,,Kristel Berg,ESC68N_Wa_231031,,,3-200,3.0,200,EMO BON ESC68N Wa 231031 3um 4,,,1874687,fi,,,,,,no_tide
EMOBON_ESC68N_Wa_117,,,2023-10-31,2,seawater [ENVO:00002149]; coastal sea water [ENVO:00002150]; surface water [ENVO:00002042],,,metagenome,,Y,3,Niskin,EMOBON metagenome water sample from station ESC68N collected on 2023-10-31 size fraction 0.2-3um,WaSOP1,,10,2023-11-01,eDNA freezer bag,,Kristel Berg,ESC68N_Wa_231031,,,0.2-3,0.2,3,EMO BON ESC68N Wa 231031 0.2um 3,,,1874687,fi,,,,,,no_tide
EMOBON_ESC68N_Wa_118,,,2023-10-31,2,seawater [ENVO:00002149]; coastal sea water [ENVO:00002150]; surface water [ENVO:00002042],,,metagenome,,Y,4,Niskin,EMOBON metagenome water sample from station ESC68N collected on 2023-10-31 size fraction 0.2-3um,WaSOP1,,10,2023-11-01,eDNA freezer bag,,Kristel Berg,ESC68N_Wa_231031,,,0.2-3,0.2,3,EMO BON ESC68N Wa 231031 0.2um 4,,,1874687,fi,,,,,,no_tide
EMOBON_ESC68N_Wa_119,,,2023-10-31,2,seawater [ENVO:00002149]; coastal sea water [ENVO:00002150]; surface water [ENVO:00002042],,,metagenome,,Y,blank_1,Niskin,EMOBON metagenome water sample from station ESC68N collected on 2023-10-31 size fraction 3-200um,WaSOP1,,10,2023-11-01,eDNA freezer bag,,Kristel Berg,ESC68N_Wa_231031,,,3-200,3.0,200,EMO BON ESC68N Wa 231031 3um blank,,,256318,fi,,,,,,no_tide
EMOBON_ESC68N_Wa_120,,,2023-10-31,2,seawater [ENVO:00002149]; coastal sea water [ENVO:00002150]; surface water [ENVO:00002042],,,metagenome,,Y,blank_1,Niskin,EMOBON metagenome water sample from station ESC68N collected on 2023-10-31 size fraction 0.2-3um,WaSOP1,,10,2023-11-01,eDNA freezer bag,,Kristel Berg,ESC68N_Wa_231031,,,0.2-3,0.2,3,EMO BON ESC68N Wa 231031 0.2um blank,,,256318,fi,,,,,,no_tide
EMOBON_ESC68N_Wa_121,,,2024-01-02,2,seawater [ENVO:00002149]; coastal sea water [ENVO:00002150]; surface water [ENVO:00002042],,,metagenome,,Y,1,Niskin,EMOBON metagenome water sample from station ESC68N collected on 2024-01-02 size fraction 3-200um,WaSOP1,,10,2024-01-03,eDNA freezer bag,,Kristel Berg,ESC68N_Wa_240102,,,3-200,3.0,200,EMO BON ESC68N Wa 240102 3um 1,,,1874687,fi,,,,,,no_tide
EMOBON_ESC68N_Wa_122,,,2024-01-02,2,seawater [ENVO:00002149]; coastal sea water [ENVO:00002150]; surface water [ENVO:00002042],,,metagenome,,Y,2,Niskin,EMOBON metagenome water sample from station ESC68N collected on 2024-01-02 size fraction 3-200um,WaSOP1,,10,2024-01-03,eDNA freezer bag,,Kristel Berg,ESC68N_Wa_240102,,,3-200,3.0,200,EMO BON ESC68N Wa 240102 3um 2,,,1874687,fi,,,,,,no_tide
EMOBON_ESC68N_Wa_123,,,2024-01-02,2,seawater [ENVO:00002149]; coastal sea water [ENVO:00002150]; surface water [ENVO:00002042],,,metagenome,,Y,1,Niskin,EMOBON metagenome water sample from station ESC68N collected on 2024-01-02 size fraction 0.2-3um,WaSOP1,,10,2024-01-03,eDNA freezer bag,,Kristel Berg,ESC68N_Wa_240102,,,0.2-3,0.2,3,EMO BON ESC68N Wa 240102 0.2um 1,,,1874687,fi,,,,,,no_tide
EMOBON_ESC68N_Wa_124,,,2024-01-02,2,seawater [ENVO:00002149]; coastal sea water [ENVO:00002150]; surface water [ENVO:00002042],,,metagenome,,Y,2,Niskin,EMOBON metagenome water sample from station ESC68N collected on 2024-01-02 size fraction 0.2-3um,WaSOP1,,10,2024-01-03,eDNA freezer bag,,Kristel Berg,ESC68N_Wa_240102,,,0.2-3,0.2,3,EMO BON ESC68N Wa 240102 0.2um 2,,,1874687,fi,,,,,,no_tide
EMOBON_ESC68N_Wa_125,,,2024-01-02,2,seawater [ENVO:00002149]; coastal sea water [ENVO:00002150]; surface water [ENVO:00002042],,,metagenome,,Y,3,Niskin,EMOBON metagenome water sample from station ESC68N collected on 2024-01-02 size fraction 3-200um,WaSOP1,,10,2024-01-03,eDNA freezer bag,,Kristel Berg,ESC68N_Wa_240102,,,3-200,3.0,200,EMO BON ESC68N Wa 240102 3um 3,,,1874687,fi,,,,,,no_tide
EMOBON_ESC68N_Wa_126,,,2024-01-02,2,seawater [ENVO:00002149]; coastal sea water [ENVO:00002150]; surface water [ENVO:00002042],,,metagenome,,Y,4,Niskin,EMOBON metagenome water sample from station ESC68N collected on 2024-01-02 size fraction 3-200um,WaSOP1,,10,2024-01-03,eDNA freezer bag,,Kristel Berg,ESC68N_Wa_240102,,,3-200,3.0,200,EMO BON ESC68N Wa 240102 3um 4,,,1874687,fi,,,,,,no_tide
EMOBON_ESC68N_Wa_127,,,2024-01-02,2,seawater [ENVO:00002149]; coastal sea water [ENVO:00002150]; surface water [ENVO:00002042],,,metagenome,,Y,3,Niskin,EMOBON metagenome water sample from station ESC68N collected on 2024-01-02 size fraction 0.2-3um,WaSOP1,,10,2024-01-03,eDNA freezer bag,,Kristel Berg,ESC68N_Wa_240102,,,0.2-3,0.2,3,EMO BON ESC68N Wa 240102 0.2um 3,,,1874687,fi,,,,,,no_tide
EMOBON_ESC68N_Wa_128,,,2024-01-02,2,seawater [ENVO:00002149]; coastal sea water [ENVO:00002150]; surface water [ENVO:00002042],,,metagenome,,Y,4,Niskin,EMOBON metagenome water sample from station ESC68N collected on 2024-01-02 size fraction 0.2-3um,WaSOP1,,10,2024-01-03,eDNA freezer bag,,Kristel Berg,ESC68N_Wa_240102,,,0.2-3,0.2,3,EMO BON ESC68N Wa 240102 0.2um 4,,,1874687,fi,,,,,,no_tide
EMOBON_ESC68N_Wa_129,,,2024-01-02,2,seawater [ENVO:00002149]; coastal sea water [ENVO:00002150]; surface water [ENVO:00002042],,,metagenome,,Y,blank_1,Niskin,EMOBON metagenome water sample from station ESC68N collected on 2024-01-02 size fraction 3-200um,WaSOP1,,10,2024-01-03,eDNA freezer bag,,Kristel Berg,ESC68N_Wa_240102,,,3-200,3.0,200,EMO BON ESC68N Wa 240102 3um blank,,,256318,fi,,,,,,no_tide
EMOBON_ESC68N_Wa_130,,,2024-01-02,2,seawater [ENVO:00002149]; coastal sea water [ENVO:00002150]; surface water [ENVO:00002042],,,metagenome,,Y,blank_1,Niskin,EMOBON metagenome water sample from station ESC68N collected on 2024-01-02 size fraction 0.2-3um,WaSOP1,,10,2024-01-03,eDNA freezer bag,,Kristel Berg,ESC68N_Wa_240102,,,0.2-3,0.2,3,EMO BON ESC68N Wa 240102 0.2um blank,,,256318,fi,,,,,,no_tide
EMOBON_ESC68N_Wa_131,,,2024-04-14,2,seawater [ENVO:00002149]; coastal sea water [ENVO:00002150]; surface water [ENVO:00002042],,,metagenome,,Y,1,Niskin,EMOBON metagenome water sample from station ESC68N collected on 2024-04-14 size fraction 3-200um,WaSOP1,,10,2024-04-15,eDNA freezer bag,,Kristel Berg,ESC68N_Wa_240414,,,3-200,3.0,200,EMO BON ESC68N Wa 240414 3um 1,,,1874687,fi,,,,,,no_tide
EMOBON_ESC68N_Wa_132,,,2024-04-14,2,seawater [ENVO:00002149]; coastal sea water [ENVO:00002150]; surface water [ENVO:00002042],,,metagenome,,Y,2,Niskin,EMOBON metagenome water sample from station ESC68N collected on 2024-04-14 size fraction 3-200um,WaSOP1,,10,2024-04-15,eDNA freezer bag,,Kristel Berg,ESC68N_Wa_240414,,,3-200,3.0,200,EMO BON ESC68N Wa 240414  3um 2,,,1874687,fi,,,,,,no_tide
EMOBON_ESC68N_Wa_133,,,2024-04-14,2,seawater [ENVO:00002149]; coastal sea water [ENVO:00002150]; surface water [ENVO:00002042],,,metagenome,,Y,1,Niskin,EMOBON metagenome water sample from station ESC68N collected on 2024-04-14 size fraction 0.2-3um,WaSOP1,,10,2024-04-15,eDNA freezer bag,,Kristel Berg,ESC68N_Wa_240414,,,0.2-3,0.2,3,EMO BON ESC68N Wa 240414  0.2um 1,,,1874687,fi,,,,,,no_tide
EMOBON_ESC68N_Wa_134,,,2024-04-14,2,seawater [ENVO:00002149]; coastal sea water [ENVO:00002150]; surface water [ENVO:00002042],,,metagenome,,Y,2,Niskin,EMOBON metagenome water sample from station ESC68N collected on 2024-04-14 size fraction 0.2-3um,WaSOP1,,10,2024-04-15,eDNA freezer bag,,Kristel Berg,ESC68N_Wa_240414,,,0.2-3,0.2,3,EMO BON ESC68N Wa 240414  0.2um 2,,,1874687,fi,,,,,,no_tide
EMOBON_ESC68N_Wa_135,,,2024-04-14,2,seawater [ENVO:00002149]; coastal sea water [ENVO:00002150]; surface water [ENVO:00002042],,,metagenome,,Y,3,Niskin,EMOBON metagenome water sample from station ESC68N collected on 2024-04-14 size fraction 3-200um,WaSOP1,,10,2024-04-15,eDNA freezer bag,,Kristel Berg,ESC68N_Wa_240414,,,3-200,3.0,200,EMO BON ESC68N Wa 240414  3um 3,,,1874687,fi,,,,,,no_tide
EMOBON_ESC68N_Wa_136,,,2024-04-14,2,seawater [ENVO:00002149]; coastal sea water [ENVO:00002150]; surface water [ENVO:00002042],,,metagenome,,Y,4,Niskin,EMOBON metagenome water sample from station ESC68N collected on 2024-04-14 size fraction 3-200um,WaSOP1,,10,2024-04-15,eDNA freezer bag,,Kristel Berg,ESC68N_Wa_240414,,,3-200,3.0,200,EMO BON ESC68N Wa 240414  3um 4,,,1874687,fi,,,,,,no_tide
EMOBON_ESC68N_Wa_137,,,2024-04-14,2,seawater [ENVO:00002149]; coastal sea water [ENVO:00002150]; surface water [ENVO:00002042],,,metagenome,,Y,3,Niskin,EMOBON metagenome water sample from station ESC68N collected on 2024-04-14 size fraction 0.2-3um,WaSOP1,,10,2024-04-15,eDNA freezer bag,,Kristel Berg,ESC68N_Wa_240414,,,0.2-3,0.2,3,EMO BON ESC68N Wa 240414  0.2um 3,,,1874687,fi,,,,,,no_tide
EMOBON_ESC68N_Wa_138,,,2024-04-14,2,seawater [ENVO:00002149]; coastal sea water [ENVO:00002150]; surface water [ENVO:00002042],,,metagenome,,Y,4,Niskin,EMOBON metagenome water sample from station ESC68N collected on 2024-04-14 size fraction 0.2-3um,WaSOP1,,10,2024-04-15,eDNA freezer bag,,Kristel Berg,ESC68N_Wa_240414,,,0.2-3,0.2,3,EMO BON ESC68N Wa 240414  0.2um 4,,,1874687,fi,,,,,,no_tide
EMOBON_ESC68N_Wa_139,,,2024-04-14,2,seawater [ENVO:00002149]; coastal sea water [ENVO:00002150]; surface water [ENVO:00002042],,,metagenome,,Y,blank_1,Niskin,EMOBON metagenome water sample from station ESC68N collected on 2024-04-14 size fraction 3-200um,WaSOP1,,10,2024-04-15,eDNA freezer bag,,Kristel Berg,ESC68N_Wa_240414,,,3-200,3.0,200,EMO BON ESC68N Wa 240414  3um blank,,,256318,fi,,,,,,no_tide
EMOBON_ESC68N_Wa_140,,,2024-04-14,2,seawater [ENVO:00002149]; coastal sea water [ENVO:00002150]; surface water [ENVO:00002042],,,metagenome,,Y,blank_1,Niskin,EMOBON metagenome water sample from station ESC68N collected on 2024-04-14 size fraction 0.2-3um,WaSOP1,,10,2024-04-15,eDNA freezer bag,,Kristel Berg,ESC68N_Wa_240414,,,0.2-3,0.2,3,EMO BON ESC68N Wa 240414 0.2um blank,,,256318,fi,,,,,,no_tide
EMOBON_ESC68N_Wa_141,,,2024-05-02,2,seawater [ENVO:00002149]; coastal sea water [ENVO:00002150]; surface water [ENVO:00002042],,,metagenome,,Y,1,Niskin,EMOBON metagenome water sample from station ESC68N collected on 2024-05-02 size fraction 3-200um,WaSOP1,,10,2024-05-05,eDNA freezer bag,,Kristel Berg,ESC68N_Wa_240502,,,3-200,3.0,200,EMO BON ESC68N Wa 240502 3um 1,,,1874687,fi,,,,,,no_tide
EMOBON_ESC68N_Wa_142,,,2024-05-05,2,seawater [ENVO:00002149]; coastal sea water [ENVO:00002150]; surface water [ENVO:00002042],,,metagenome,,Y,2,Niskin,EMOBON metagenome water sample from station ESC68N collected on 2024-05-05 size fraction 3-200um,WaSOP1,,10,2024-05-05,eDNA freezer bag,,Kristel Berg,ESC68N_Wa_2400502,,,3-200,3.0,200,EMO BON ESC68N Wa 240502  3um 2,,,1874687,fi,,,,,,no_tide
EMOBON_ESC68N_Wa_143,,,2024-05-05,2,seawater [ENVO:00002149]; coastal sea water [ENVO:00002150]; surface water [ENVO:00002042],,,metagenome,,Y,1,Niskin,EMOBON metagenome water sample from station ESC68N collected on 2024-05-05 size fraction 0.2-3um,WaSOP1,,10,2024-05-05,eDNA freezer bag,,Kristel Berg,ESC68N_Wa_240502,,,0.2-3,0.2,3,EMO BON ESC68N Wa 240502  0.2um 1,,,1874687,fi,,,,,,no_tide
EMOBON_ESC68N_Wa_144,,,2024-05-02,2,seawater [ENVO:00002149]; coastal sea water [ENVO:00002150]; surface water [ENVO:00002042],,,metagenome,,Y,2,Niskin,EMOBON metagenome water sample from station ESC68N collected on 2024-05-02 size fraction 0.2-3um,WaSOP1,,10,2024-05-05,eDNA freezer bag,,Kristel Berg,ESC68N_Wa_240502,,,0.2-3,0.2,3,EMO BON ESC68N Wa 240502  0.2um 2,,,1874687,fi,,,,,,no_tide
EMOBON_ESC68N_Wa_145,,,2024-05-05,2,seawater [ENVO:00002149]; coastal sea water [ENVO:00002150]; surface water [ENVO:00002042],,,metagenome,,Y,3,Niskin,EMOBON metagenome water sample from station ESC68N collected on 2024-05-05 size fraction 3-200um,WaSOP1,,10,2024-05-05,eDNA freezer bag,,Kristel Berg,ESC68N_Wa_240502,,,3-200,3.0,200,EMO BON ESC68N Wa 240502  3um 3,,,1874687,fi,,,,,,no_tide
EMOBON_ESC68N_Wa_146,,,2024-05-05,2,seawater [ENVO:00002149]; coastal sea water [ENVO:00002150]; surface water [ENVO:00002042],,,metagenome,,Y,4,Niskin,EMOBON metagenome water sample from station ESC68N collected on 2024-05-05 size fraction 3-200um,WaSOP1,,10,2024-05-05,eDNA freezer bag,,Kristel Berg,ESC68N_Wa_240502,,,3-200,3.0,200,EMO BON ESC68N Wa 240502  3um 4,,,1874687,fi,,,,,,no_tide
EMOBON_ESC68N_Wa_147,,,2024-05-02,2,seawater [ENVO:00002149]; coastal sea water [ENVO:00002150]; surface water [ENVO:00002042],,,metagenome,,Y,3,Niskin,EMOBON metagenome water sample from station ESC68N collected on 2024-05-02 size fraction 0.2-3um,WaSOP1,,10,2024-05-05,eDNA freezer bag,,Kristel Berg,ESC68N_Wa_240502,,,0.2-3,0.2,3,EMO BON ESC68N Wa 240502  0.2um 3,,,1874687,fi,,,,,,no_tide
EMOBON_ESC68N_Wa_148,,,2024-05-05,2,seawater [ENVO:00002149]; coastal sea water [ENVO:00002150]; surface water [ENVO:00002042],,,metagenome,,Y,4,Niskin,EMOBON metagenome water sample from station ESC68N collected on 2024-05-05 size fraction 0.2-3um,WaSOP1,,10,2024-05-05,eDNA freezer bag,,Kristel Berg,ESC68N_Wa_240502,,,0.2-3,0.2,3,EMO BON ESC68N Wa 240502  0.2um 4,,,1874687,fi,,,,,,no_tide
EMOBON_ESC68N_Wa_149,,,2024-05-02,2,seawater [ENVO:00002149]; coastal sea water [ENVO:00002150]; surface water [ENVO:00002042],,,metagenome,,Y,blank_1,Niskin,EMOBON metagenome water sample from station ESC68N collected on 2024-05-02 size fraction 3-200um,WaSOP1,,10,2024-05-05,eDNA freezer bag,,Kristel Berg,ESC68N_Wa_240502,,,3-200,3.0,200,EMO BON ESC68N Wa 240502  3um blank,,,256318,fi,,,,,,no_tide
EMOBON_ESC68N_Wa_150,,,2024-05-05,2,seawater [ENVO:00002149]; coastal sea water [ENVO:00002150]; surface water [ENVO:00002042],,,metagenome,,Y,blank_1,Niskin,EMOBON metagenome water sample from station ESC68N collected on 2024-05-05 size fraction 0.2-3um,WaSOP1,,10,2024-05-05,eDNA freezer bag,,Kristel Berg,ESC68N_Wa_240502,,,0.2-3,0.2,3,EMO BON ESC68N Wa 240502 0.2um blank,,,256318,fi,,,,,,no_tide
EMOBON_ESC68N_Wa_151,,,2024-07-04,2,seawater [ENVO:00002149]; coastal sea water [ENVO:00002150]; surface water [ENVO:00002042],,,metagenome,,Y,1,Niskin,EMOBON metagenome water sample from station ESC68N collected on 2024-07-04 size fraction 3-200um,WaSOP1,,10,2024-07-04,eDNA freezer bag,,Kristel Berg,ESC68N_Wa_240704,,,3-200,3.0,200,EMO BON ESC68N Wa 240704 3um 1,,,1874687,fi,,,,,,no_tide
EMOBON_ESC68N_Wa_152,,,2024-07-04,2,seawater [ENVO:00002149]; coastal sea water [ENVO:00002150]; surface water [ENVO:00002042],,,metagenome,,Y,2,Niskin,EMOBON metagenome water sample from station ESC68N collected on 2024-07-04 size fraction 3-200um,WaSOP1,,10,2024-07-04,eDNA freezer bag,,Kristel Berg,ESC68N_Wa_240704,,,3-200,3.0,200,EMO BON ESC68N Wa 240704  3um 2,,,1874687,fi,,,,,,no_tide
EMOBON_ESC68N_Wa_153,,,2024-07-04,2,seawater [ENVO:00002149]; coastal sea water [ENVO:00002150]; surface water [ENVO:00002042],,,metagenome,,Y,1,Niskin,EMOBON metagenome water sample from station ESC68N collected on 2024-07-04 size fraction 0.2-3um,WaSOP1,,10,2024-07-04,eDNA freezer bag,,Kristel Berg,ESC68N_Wa_240704,,,0.2-3,0.2,3,EMO BON ESC68N Wa 240704  0.2um 1,,,1874687,fi,,,,,,no_tide
EMOBON_ESC68N_Wa_154,,,2024-07-04,2,seawater [ENVO:00002149]; coastal sea water [ENVO:00002150]; surface water [ENVO:00002042],,,metagenome,,Y,2,Niskin,EMOBON metagenome water sample from station ESC68N collected on 2024-07-04 size fraction 0.2-3um,WaSOP1,,10,2024-07-04,eDNA freezer bag,,Kristel Berg,ESC68N_Wa_240504,,,0.2-3,0.2,3,EMO BON ESC68N Wa 240704  0.2um 2,,,1874687,fi,,,,,,no_tide
EMOBON_ESC68N_Wa_155,,,2024-07-04,2,seawater [ENVO:00002149]; coastal sea water [ENVO:00002150]; surface water [ENVO:00002042],,,metagenome,,Y,3,Niskin,EMOBON metagenome water sample from station ESC68N collected on 2024-07-04 size fraction 3-200um,WaSOP1,,10,2024-07-04,eDNA freezer bag,,Kristel Berg,ESC68N_Wa_240504,,,3-200,3.0,200,EMO BON ESC68N Wa 240704  3um 3,,,1874687,fi,,,,,,no_tide
EMOBON_ESC68N_Wa_156,,,2024-07-04,2,seawater [ENVO:00002149]; coastal sea water [ENVO:00002150]; surface water [ENVO:00002042],,,metagenome,,Y,4,Niskin,EMOBON metagenome water sample from station ESC68N collected on 2024-07-04 size fraction 3-200um,WaSOP1,,10,2024-07-04,eDNA freezer bag,,Kristel Berg,ESC68N_Wa_240504,,,3-200,3.0,200,EMO BON ESC68N Wa 240704  3um 4,,,1874687,fi,,,,,,no_tide
EMOBON_ESC68N_Wa_157,,,2024-07-04,2,seawater [ENVO:00002149]; coastal sea water [ENVO:00002150]; surface water [ENVO:00002042],,,metagenome,,Y,3,Niskin,EMOBON metagenome water sample from station ESC68N collected on 2024-07-04 size fraction 0.2-3um,WaSOP1,,10,2024-07-04,eDNA freezer bag,,Kristel Berg,ESC68N_Wa_240504,,,0.2-3,0.2,3,EMO BON ESC68N Wa 240704  0.2um 3,,,1874687,fi,,,,,,no_tide
EMOBON_ESC68N_Wa_158,,,2024-07-04,2,seawater [ENVO:00002149]; coastal sea water [ENVO:00002150]; surface water [ENVO:00002042],,,metagenome,,Y,4,Niskin,EMOBON metagenome water sample from station ESC68N collected on 2024-07-04 size fraction 0.2-3um,WaSOP1,,10,2024-07-04,eDNA freezer bag,,Kristel Berg,ESC68N_Wa_240504,,,0.2-3,0.2,3,EMO BON ESC68N Wa 240704  0.2um 4,,,1874687,fi,,,,,,no_tide
EMOBON_ESC68N_Wa_159,,,2024-07-04,2,seawater [ENVO:00002149]; coastal sea water [ENVO:00002150]; surface water [ENVO:00002042],,,metagenome,,Y,blank_1,Niskin,EMOBON metagenome water sample from station ESC68N collected on 2024-07-04 size fraction 3-200um,WaSOP1,,10,2024-07-04,eDNA freezer bag,,Kristel Berg,ESC68N_Wa_240504,,,3-200,3.0,200,EMO BON ESC68N Wa 240704  3um blank,,,256318,fi,,,,,,no_tide
EMOBON_ESC68N_Wa_160,,,2024-07-04,2,seawater [ENVO:00002149]; coastal sea water [ENVO:00002150]; surface water [ENVO:00002042],,,metagenome,,Y,blank_1,Niskin,EMOBON metagenome water sample from station ESC68N collected on 2024-07-04 size fraction 0.2-3um,WaSOP1,,10,2024-07-04,eDNA freezer bag,,Kristel Berg,ESC68N_Wa_240504,,,0.2-3,0.2,3,EMO BON ESC68N Wa 240704 0.2um blank,,,256318,fi,,,,,,no_tide
EMOBON_ESC68N_Wa_161,,,2024-07-04,2,seawater [ENVO:00002149]; coastal sea water [ENVO:00002150]; surface water [ENVO:00002042],,,metagenome,,Y,1,Niskin,EMOBON metagenome water sample from station ESC68N collected on 2024-07-04 size fraction 3-200um,WaSOP1,,10,2024-07-04,eDNA freezer bag,,Kristel Berg,ESC68N_Wa_240704,,,3-200,3.0,200,EMO BON ESC68N Wa 240829 3um 1,,,1874687,fi,,,,,,no_tide
EMOBON_ESC68N_Wa_162,,,2024-07-04,2,seawater [ENVO:00002149]; coastal sea water [ENVO:00002150]; surface water [ENVO:00002042],,,metagenome,,Y,2,Niskin,EMOBON metagenome water sample from station ESC68N collected on 2024-07-04 size fraction 3-200um,WaSOP1,,10,2024-07-04,eDNA freezer bag,,Kristel Berg,ESC68N_Wa_240704,,,3-200,3.0,200,EMO BON ESC68N Wa 240829  3um 2,,,1874687,fi,,,,,,no_tide
EMOBON_ESC68N_Wa_163,,,2024-07-04,2,seawater [ENVO:00002149]; coastal sea water [ENVO:00002150]; surface water [ENVO:00002042],,,metagenome,,Y,1,Niskin,EMOBON metagenome water sample from station ESC68N collected on 2024-07-04 size fraction 0.2-3um,WaSOP1,,10,2024-07-04,eDNA freezer bag,,Kristel Berg,ESC68N_Wa_240704,,,0.2-3,0.2,3,EMO BON ESC68N Wa 240829  0.2um 1,,,1874687,fi,,,,,,no_tide
EMOBON_ESC68N_Wa_164,,,2024-07-04,2,seawater [ENVO:00002149]; coastal sea water [ENVO:00002150]; surface water [ENVO:00002042],,,metagenome,,Y,2,Niskin,EMOBON metagenome water sample from station ESC68N collected on 2024-07-04 size fraction 0.2-3um,WaSOP1,,10,2024-07-04,eDNA freezer bag,,Kristel Berg,ESC68N_Wa_240504,,,0.2-3,0.2,3,EMO BON ESC68N Wa 240829  0.2um 2,,,1874687,fi,,,,,,no_tide
EMOBON_ESC68N_Wa_165,,,2024-07-04,2,seawater [ENVO:00002149]; coastal sea water [ENVO:00002150]; surface water [ENVO:00002042],,,metagenome,,Y,3,Niskin,EMOBON metagenome water sample from station ESC68N collected on 2024-07-04 size fraction 3-200um,WaSOP1,,10,2024-07-04,eDNA freezer bag,,Kristel Berg,ESC68N_Wa_240504,,,3-200,3.0,200,EMO BON ESC68N Wa 240829  3um 3,,,1874687,fi,,,,,,no_tide
EMOBON_ESC68N_Wa_166,,,2024-07-04,2,seawater [ENVO:00002149]; coastal sea water [ENVO:00002150]; surface water [ENVO:00002042],,,metagenome,,Y,4,Niskin,EMOBON metagenome water sample from station ESC68N collected on 2024-07-04 size fraction 3-200um,WaSOP1,,10,2024-07-04,eDNA freezer bag,,Kristel Berg,ESC68N_Wa_240504,,,3-200,3.0,200,EMO BON ESC68N Wa 240829  3um 4,,,1874687,fi,,,,,,no_tide
EMOBON_ESC68N_Wa_167,,,2024-07-04,2,seawater [ENVO:00002149]; coastal sea water [ENVO:00002150]; surface water [ENVO:00002042],,,metagenome,,Y,3,Niskin,EMOBON metagenome water sample from station ESC68N collected on 2024-07-04 size fraction 0.2-3um,WaSOP1,,10,2024-07-04,eDNA freezer bag,,Kristel Berg,ESC68N_Wa_240504,,,0.2-3,0.2,3,EMO BON ESC68N Wa 240829  0.2um 3,,,1874687,fi,,,,,,no_tide
EMOBON_ESC68N_Wa_168,,,2024-07-04,2,seawater [ENVO:00002149]; coastal sea water [ENVO:00002150]; surface water [ENVO:00002042],,,metagenome,,Y,4,Niskin,EMOBON metagenome water sample from station ESC68N collected on 2024-07-04 size fraction 0.2-3um,WaSOP1,,10,2024-07-04,eDNA freezer bag,,Kristel Berg,ESC68N_Wa_240504,,,0.2-3,0.2,3,EMO BON ESC68N Wa 240829  0.2um 4,,,1874687,fi,,,,,,no_tide
EMOBON_ESC68N_Wa_169,,,2024-07-04,2,seawater [ENVO:00002149]; coastal sea water [ENVO:00002150]; surface water [ENVO:00002042],,,metagenome,,Y,blank_1,Niskin,EMOBON metagenome water sample from station ESC68N collected on 2024-07-04 size fraction 3-200um,WaSOP1,,10,2024-07-04,eDNA freezer bag,,Kristel Berg,ESC68N_Wa_240504,,,3-200,3.0,200,EMO BON ESC68N Wa 240829  3um blank,,,256318,fi,,,,,,no_tide
EMOBON_ESC68N_Wa_170,,,2024-07-04,2,seawater [ENVO:00002149]; coastal sea water [ENVO:00002150]; surface water [ENVO:00002042],,,metagenome,,Y,blank_1,Niskin,EMOBON metagenome water sample from station ESC68N collected on 2024-07-04 size fraction 0.2-3um,WaSOP1,,10,2024-07-04,eDNA freezer bag,,Kristel Berg,ESC68N_Wa_240504,,,0.2-3,0.2,3,EMO BON ESC68N Wa 240829 0.2um blank,,,256318,fi,,,,,,no_tide
